,Total lipid (fat),Saturated fat,Cholesterol,Total carbohydrates,Sodium,Dietary Fiber,Protein,Added sugars,Vitamin A,Vitamin C,Calcium,Iron,Vitamin D,Vitamin E,Vitamin K,Thiamin,Riboflavin,Niacin,Vitamin B6,Folate,Vitamin B12,Biotin,Pantothenic acid,Phosphorus,Iodine,Magnesium,Zinc,Selenium,Copper,Manganese,Chromium,Molybdenum,Chloride,Potassium,Choline,Protein.1,title,raitings,links
almond,0,0,0,0,0,0,0,0,0,0,0,0,0,0,0,0,0,0,0,0,0,0,0,0,0,0,0,0,0,0,0,0,0,0,0,0,Mixed Greens with Goat Cheese and Candied Almonds,4.7,https://www.epicurious.com/recipes/food/views/mixed-greens-with-goat-cheese-and-candied-almonds-104191
amaretto,0,0,0,0,0,0,0,0,0,0,0,0,0,0,0,0,0,0,0,0,0,0,0,0,0,0,0,0,0,0,0,0,0,0,0,0,Chicken Tagine with Apricots and Spiced Pine Nuts,4.4,https://www.epicurious.com/recipes/food/views/chicken-tagine-with-apricots-and-spiced-pine-nuts-241506
anchovy,0,0,0,0,0,0,0,0,0,0,0,0,0,0,0,0,0,0,0,0,0,0,0,0,0,0,0,0,0,0,0,0,0,0,0,0,Sophisto Joes,4.0,https://www.epicurious.com/recipes/food/views/sophisto-joes-240266
anise,0,0,0,0,0,0,0,0,0,0,0,0,0,0,0,0,0,0,0,0,0,0,0,0,0,0,0,0,0,0,0,0,0,0,0,0,Anise-Almond Biscotti,5.0,https://www.epicurious.com/recipes/food/views/anise-almond-biscotti-102706
apple,0,0,0,0,0,0,1,0,5,2,1,1,0,0,0,0,0,0,0,0,0,0,0,0,0,0,0,0,0,0,0,0,0,2,0,1,Best Cocoa Brownies,4.4,https://www.epicurious.com/recipes/food/views/best-cocoa-brownies-108346
apple juice,0,0,0,0,0,0,0,0,0,0,0,0,0,0,0,0,0,0,0,0,0,0,0,0,0,0,0,0,0,0,0,0,0,0,0,0,Apple-Matzoh Kugel,4.7,https://www.epicurious.com/recipes/food/views/apple-matzoh-kugel-104862
apricot,0,0,0,0,0,0,0,0,0,0,0,0,0,0,0,0,0,0,0,0,0,0,0,0,0,0,0,0,0,0,0,0,0,0,0,0,Apricot-Glazed Turkey with Roasted Onion and Shallot Gravy,5.0,https://www.epicurious.com/recipes/food/views/apricot-glazed-turkey-with-roasted-onion-and-shallot-gravy-2602
artichoke,9,0,0,0,13,0,3,0,85,0,0,3,0,0,0,0,0,0,0,0,0,0,0,0,0,0,0,0,0,0,0,0,0,0,0,3,Artichoke Bruschetta,4.3,https://www.epicurious.com/recipes/food/views/artichoke-bruschetta-5864
arugula,0,0,0,0,1,0,5,0,61,16,14,7,0,0,0,0,0,0,0,24,0,0,0,0,0,0,0,0,0,0,0,0,0,8,0,5,My Favorite Falafel,4.6,https://www.epicurious.com/recipes/food/views/my-favorite-falafel-231755
asian pear,0,0,0,0,0,0,0,0,0,0,0,0,0,0,0,0,0,0,0,0,0,0,0,0,0,0,0,0,0,0,0,0,0,0,0,0,Persian Love Cake,4.5,https://www.epicurious.com/recipes/food/views/persian-love-cake-232273
asparagus,0,0,0,0,0,0,5,0,0,0,2,13,0,0,0,0,0,0,0,0,0,0,0,0,0,0,0,0,0,0,0,0,0,8,0,5,Cream of Asparagus Soup,4.6,https://www.epicurious.com/recipes/food/views/cream-of-asparagus-soup-creme-dasperges-104746
avocado,0,0,0,0,0,0,0,0,0,0,0,0,0,0,0,0,0,0,0,0,0,0,0,0,0,0,0,0,0,0,0,0,0,0,0,0,Pan-Seared Tuna with Ginger-Shiitake Cream Sauce,4.7,https://www.epicurious.com/recipes/food/views/pan-seared-tuna-with-ginger-shiitake-cream-sauce-100670
bacon,46,0,12,0,90,0,71,0,0,0,0,14,0,0,0,0,0,0,0,0,0,0,0,0,0,0,0,0,0,0,0,0,0,0,0,71,Penne in Cream Sauce with Sausage,4.3,https://www.epicurious.com/recipes/food/views/penne-in-cream-sauce-with-sausage-3072
banana,1,0,0,0,0,0,0,0,0,2,0,11,0,0,0,0,0,0,0,0,0,0,0,0,0,0,0,0,0,0,0,0,0,0,0,0,Aunt Holly's Banana Bread,4.7,https://www.epicurious.com/recipes/food/views/aunt-hollys-banana-bread-239027
barley,1,0,0,0,0,0,21,0,0,0,3,12,0,0,0,0,0,0,0,0,0,0,0,0,0,0,0,0,0,0,0,0,0,6,0,21,Barley and Lentil Soup with Swiss Chard,4.4,https://www.epicurious.com/recipes/food/views/barley-and-lentil-soup-with-swiss-chard-231578
basil,50,0,0,0,57,0,0,0,0,0,0,0,0,0,0,0,0,0,0,0,0,0,0,0,0,0,0,0,0,0,0,0,0,0,0,0,Shrimp Scampi Pasta,4.6,https://www.epicurious.com/recipes/food/views/shrimp-scampi-pasta
bass,0,0,0,0,0,0,0,0,0,0,0,0,0,0,0,0,0,0,0,0,0,0,0,0,0,0,0,0,0,0,0,0,0,0,0,0,Miso Glazed Sea Bass,4.7,https://www.epicurious.com/recipes/food/views/miso-glazed-sea-bass-102851
bean,0,0,0,0,0,0,0,0,0,0,0,0,0,0,0,0,0,0,0,0,0,0,0,0,0,0,0,0,0,0,0,0,0,0,0,0,Spiced Pumpkin Bread,4.5,https://www.epicurious.com/recipes/food/views/spiced-pumpkin-bread-840
beef,35,0,21,0,42,0,23,0,0,0,0,7,0,0,0,0,0,0,0,0,0,0,0,0,0,0,0,0,0,0,0,0,0,0,0,23,Turkey Meatloaf,4.7,https://www.epicurious.com/recipes/food/views/turkey-meatloaf-107599
beef rib,0,0,0,0,0,0,0,0,0,0,0,0,0,0,0,0,0,0,0,0,0,0,0,0,0,0,0,0,0,0,0,0,0,0,0,0,Mahogany Beef Stew with Red Wine and Hoisin Sauce,4.0,https://www.epicurious.com/recipes/food/views/mahogany-beef-stew-with-red-wine-and-hoisin-sauce-106212
beef shank,0,0,0,0,0,0,0,0,0,0,0,0,0,0,0,0,0,0,0,0,0,0,0,0,0,0,0,0,0,0,0,0,0,0,0,0,"Beef Tenderloin with Roasted Shallots, Bacon and Port",4.7,https://www.epicurious.com/recipes/food/views/beef-tenderloin-with-roasted-shallots-bacon-and-port-4542
beef tenderloin,10,0,17,0,3,0,41,0,0,0,0,13,0,0,0,0,0,0,0,0,0,0,0,0,0,0,0,0,0,0,0,0,0,0,0,41,Beef Stroganoff,4.3,https://www.epicurious.com/recipes/food/views/beef-stroganoff-102134
beer,0,0,0,0,0,0,0,0,0,0,0,0,0,0,0,0,0,0,0,0,0,0,0,0,0,0,0,0,0,0,0,0,0,0,0,0,Chocolate Stout Cake,4.7,https://www.epicurious.com/recipes/food/views/chocolate-stout-cake-107105
beet,0,0,0,0,0,0,0,0,0,0,0,0,0,0,0,0,0,0,0,0,0,0,0,0,0,0,0,0,0,0,0,0,0,0,0,0,Beet and Goat Cheese Salad with Pistachios,5.0,https://www.epicurious.com/recipes/food/views/beet-and-goat-cheese-salad-with-pistachios-107426
bell pepper,0,0,0,0,0,0,0,0,0,0,0,0,0,0,0,0,0,0,0,0,0,0,0,0,0,0,0,0,0,0,0,0,0,0,0,0,Halftime Chili,4.0,https://www.epicurious.com/recipes/food/views/halftime-chili-1201
berry,0,0,0,0,0,0,0,0,0,0,0,0,0,0,0,0,0,0,0,0,0,0,0,0,0,0,0,0,0,0,0,0,0,0,0,0,Raspberry Buttermilk Cake,4.7,https://www.epicurious.com/recipes/food/views/raspberry-buttermilk-cake-353616
biscuit,31,0,0,0,7,0,14,0,13,0,4,5,0,0,0,0,0,0,0,0,0,0,0,0,0,0,0,0,0,0,0,0,0,0,0,14,Crème Brûlée French Toast,4.5,https://www.epicurious.com/recipes/food/views/creme-brulee-french-toast-15213
bitters,0,0,0,0,0,0,0,0,0,0,0,0,0,0,0,0,0,0,0,0,0,0,0,0,0,0,0,0,0,0,0,0,0,0,0,0,Bittersweet Molten Chocolate Cakes with Coffee Ice Cream,4.7,https://www.epicurious.com/recipes/food/views/bittersweet-molten-chocolate-cakes-with-coffee-ice-cream-107659
blackberry,0,0,0,0,0,0,0,0,0,0,0,0,0,0,0,0,0,0,0,0,0,0,0,0,0,0,0,0,0,0,0,0,0,0,0,0,Peach and Blackberry Crisp,4.3,https://www.epicurious.com/recipes/food/views/peach-and-blackberry-crisp-12347
blue cheese,37,0,24,0,61,0,43,0,79,0,41,0,0,0,0,0,0,0,0,0,0,0,0,0,0,0,0,0,0,0,0,0,0,0,0,43,Blue-Cheese-Crusted Steaks with Red Wine Sauce,4.6,https://www.epicurious.com/recipes/food/views/blue-cheese-crusted-steaks-with-red-wine-sauce-108816
blueberry,20,0,0,0,13,0,3,0,0,0,6,9,0,0,0,0,0,0,0,0,0,0,0,0,0,0,0,0,0,0,0,0,0,1,0,3,Red Velvet Cake with Raspberries and Blueberries,4.3,https://www.epicurious.com/recipes/food/views/red-velvet-cake-with-raspberries-and-blueberries-108256
bok choy,0,0,0,0,0,0,0,0,0,0,0,0,0,0,0,0,0,0,0,0,0,0,0,0,0,0,0,0,0,0,0,0,0,0,0,0,"Salmon ""Bulgogi"" with Bok Choy and Mushrooms",4.6,https://www.epicurious.com/recipes/food/views/salmon-bulgogi-with-bok-choy-and-mushrooms-242481
bourbon,0,0,0,0,0,0,0,0,0,0,0,0,0,0,0,0,0,0,0,0,0,0,0,0,0,0,0,0,0,0,0,0,0,0,0,0,Chocolate Whiskey Bundt Cake,4.6,https://www.epicurious.com/recipes/food/views/chocolate-whiskey-bundt-cake-232636
bran,0,0,0,0,0,0,0,0,0,0,0,0,0,0,0,0,0,0,0,0,0,0,0,0,0,0,0,0,0,0,0,0,0,0,0,0,Fig and Walnut Tapenade with Goat Cheese,4.6,https://www.epicurious.com/recipes/food/views/fig-and-walnut-tapenade-with-goat-cheese-105649
brandy,0,0,0,0,0,0,0,0,0,0,0,0,0,0,0,0,0,0,0,0,0,0,0,0,0,0,0,0,0,0,0,0,0,0,0,0,Champagne Punch,4.7,https://www.epicurious.com/recipes/food/views/champagne-punch-102342
bread,1,0,0,0,19,0,20,0,0,0,0,0,0,0,0,0,0,0,0,0,0,0,0,0,0,0,0,0,0,0,0,0,0,0,0,20,Spiced Pumpkin Bread,4.5,https://www.epicurious.com/recipes/food/views/spiced-pumpkin-bread-840
breadcrumbs,0,0,0,0,0,0,0,0,0,0,0,0,0,0,0,0,0,0,0,0,0,0,0,0,0,0,0,0,0,0,0,0,0,0,0,0,"Macaroni and Cheese with Garlic Bread Crumbs, Plain and Chipotle",4.4,https://www.epicurious.com/recipes/food/views/macaroni-and-cheese-with-garlic-bread-crumbs-plain-and-chipotle-102738
brie,41,0,36,0,31,0,36,0,99,0,23,20,0,0,0,0,0,0,0,0,0,0,0,0,0,0,0,0,0,0,0,0,0,0,0,36,Crème Brûlée French Toast,4.5,https://www.epicurious.com/recipes/food/views/creme-brulee-french-toast-15213
brisket,0,0,0,0,0,0,0,0,0,0,0,0,0,0,0,0,0,0,0,0,0,0,0,0,0,0,0,0,0,0,0,0,0,0,0,0,Brisket with Portobello Mushrooms and Dried Cranberries,4.5,https://www.epicurious.com/recipes/food/views/brisket-with-portobello-mushrooms-and-dried-cranberries-5787
broccoli,0,0,0,0,1,0,5,0,0,63,5,5,0,0,0,0,0,0,0,0,0,0,0,0,0,0,0,0,0,0,0,0,0,5,0,5,"Broccoli, Red Pepper, and Cheddar Chowder",4.3,https://www.epicurious.com/recipes/food/views/broccoli-red-pepper-and-cheddar-chowder-105893
broccoli rabe,0,0,0,0,1,0,7,0,1,20,9,12,0,0,0,0,0,0,0,0,0,0,0,0,0,0,0,0,0,0,0,0,0,4,0,7,Roasted Broccoli with Garlic and Red Pepper,4.6,https://www.epicurious.com/recipes/food/views/roasted-broccoli-with-garlic-and-red-pepper-351031
brown rice,5,0,0,0,0,0,14,0,0,0,1,13,0,0,0,0,0,0,0,0,0,0,0,0,0,0,0,0,0,0,0,0,0,5,0,14,Coconut Rice,4.0,https://www.epicurious.com/recipes/food/views/coconut-rice-14936
brownie,29,0,12,0,2,0,7,0,7,0,4,12,0,0,0,0,0,0,0,0,0,0,0,0,0,0,0,0,0,0,0,0,0,0,0,7,Best Cocoa Brownies,4.4,https://www.epicurious.com/recipes/food/views/best-cocoa-brownies-108346
brussel sprout,0,0,0,0,0,0,0,0,0,0,0,0,0,0,0,0,0,0,0,0,0,0,0,0,0,0,0,0,0,0,0,0,0,0,0,0,Kale and Brussels Sprouts Salad,5.0,https://www.epicurious.com/recipes/food/views/kale-brussels-sprout-salad-368295
buffalo,41,0,0,0,15,0,14,0,0,0,0,21,0,0,0,0,0,0,0,0,0,0,0,0,0,0,0,0,0,0,0,0,0,0,0,14,Buffalo Salmon,4.4,https://www.epicurious.com/recipes/food/views/buffalo-salmon-242298
bulgur,2,0,0,0,1,0,24,0,0,0,2,13,0,0,0,0,0,0,0,0,0,0,0,0,0,0,0,0,0,0,0,0,0,9,0,24,Bulgur Veggie Burgers with Lime Mayonnaise,4.3,https://www.epicurious.com/recipes/food/views/bulgur-veggie-burgers-with-lime-mayonnaise-242594
burrito,4,0,0,0,12,0,9,0,21,3,2,10,0,0,0,0,0,0,0,0,0,0,0,0,0,0,0,0,0,0,0,0,0,0,0,9,Bean Burrito Casserole,4.0,https://www.epicurious.com/recipes/food/views/bean-burrito-casserole-13572
butter,1,0,71,0,28,0,0,0,17,0,0,0,0,0,0,0,0,0,0,0,0,0,0,0,0,0,0,0,0,0,0,0,0,0,0,0,Chocolate Chip Banana Bread With Walnuts,4.3,https://www.epicurious.com/recipes/food/views/chocolate-chip-banana-bread-with-walnuts
buttermilk,3,0,2,0,2,0,8,0,14,0,10,0,0,0,0,0,0,0,0,0,0,0,0,0,0,0,0,0,0,0,0,0,0,0,0,8,Chocolate Chip Banana Bread With Walnuts,4.3,https://www.epicurious.com/recipes/food/views/chocolate-chip-banana-bread-with-walnuts
butternut squash,2,0,2,0,1,0,2,0,76,24,4,5,0,0,0,0,0,0,0,0,0,0,0,0,0,0,0,0,0,0,0,0,0,0,0,2,Winter Squash Soup,4.6,https://www.epicurious.com/recipes/food/views/winter-squash-soup-with-gruyere-croutons-2997
butterscotch/caramel,0,0,0,0,0,0,0,0,0,0,0,0,0,0,0,0,0,0,0,0,0,0,0,0,0,0,0,0,0,0,0,0,0,0,0,0,Caramel Cake,4.0,https://www.epicurious.com/recipes/food/views/caramel-cake-241217
cabbage,0,0,0,0,0,0,0,0,0,0,0,0,0,0,0,0,0,0,0,0,0,0,0,0,0,0,0,0,0,0,0,0,0,0,0,0,Cabbage and Corn Slaw with Cilantro and Orange Dressing,4.5,https://www.epicurious.com/recipes/food/views/cabbage-and-corn-slaw-with-cilantro-and-orange-dressing-238803
cake,20,0,40,0,6,0,12,0,54,0,4,7,0,0,0,0,0,0,0,0,0,0,0,0,0,0,0,0,0,0,0,0,0,0,0,12,Double Chocolate Layer Cake,4.7,https://www.epicurious.com/recipes/food/views/double-chocolate-layer-cake-101275
calvados,0,0,0,0,0,0,0,0,0,0,0,0,0,0,0,0,0,0,0,0,0,0,0,0,0,0,0,0,0,0,0,0,0,0,0,0,"Calabaza, Corn, and Coconut Soup",4.7,https://www.epicurious.com/recipes/food/views/calabaza-corn-and-coconut-soup-231483
campari,0,0,0,0,0,0,0,0,0,0,0,0,0,0,0,0,0,0,0,0,0,0,0,0,0,0,0,0,0,0,0,0,0,0,0,0,"Baked Rigatoni with Ham, Tomatoes and Feta Cheese",4.0,https://www.epicurious.com/recipes/food/views/baked-rigatoni-with-ham-tomatoes-and-feta-cheese-4597
candy,10,0,0,0,13,0,5,0,0,0,4,0,0,0,0,0,0,0,0,0,0,0,0,0,0,0,0,0,0,0,0,0,0,0,0,5,"White Chocolate, Cranberry, and Macadamia Nut Cookies",4.7,https://www.epicurious.com/recipes/food/views/white-chocolate-cranberry-and-macadamia-nut-cookies-236823
cantaloupe,0,0,0,0,1,0,2,0,15,40,1,2,0,0,0,0,0,0,0,0,0,0,0,0,0,0,0,0,0,0,0,0,0,0,0,2,Pinto Bean Sweet Potato Chili,4.3,https://www.epicurious.com/recipes/food/views/pinto-bean-sweet-potato-chili-266
capers,0,0,0,0,10,0,0,0,0,0,0,0,0,0,0,0,0,0,0,0,0,0,0,0,0,0,0,0,0,0,0,0,0,0,0,0,Baked Flounder with Tomato Caper Sauce,4.3,https://www.epicurious.com/recipes/food/views/baked-flounder-with-tomato-caper-sauce-105592
caraway,0,0,0,0,0,0,0,0,0,0,0,0,0,0,0,0,0,0,0,0,0,0,0,0,0,0,0,0,0,0,0,0,0,0,0,0,Caramel Cake,4.0,https://www.epicurious.com/recipes/food/views/caramel-cake-241217
cardamom,0,0,0,0,0,0,0,0,0,0,0,0,0,0,0,0,0,0,0,0,0,0,0,0,0,0,0,0,0,0,0,0,0,0,0,0,Pineapple-Cardamom Upside-Down Cake,4.4,https://www.epicurious.com/recipes/food/views/pineapple-upside-down-cake-103088
carrot,0,0,0,0,0,0,0,0,0,0,0,0,0,0,0,0,0,0,0,0,0,0,0,0,0,0,0,0,0,0,0,0,0,0,0,0,Triple-Layer Carrot Cake with Cream Cheese Frosting,4.7,https://www.epicurious.com/recipes/food/views/triple-layer-carrot-cake-with-cream-cheese-frosting-799
cashew,0,0,0,0,0,0,0,0,0,0,0,0,0,0,0,0,0,0,0,0,0,0,0,0,0,0,0,0,0,0,0,0,0,0,0,0,Chicken Curry with Cashews,4.6,https://www.epicurious.com/recipes/food/views/chicken-curry-with-cashews-231358
cauliflower,0,0,0,0,1,0,2,0,0,27,0,0,0,0,0,0,0,0,0,0,0,0,0,0,0,0,0,0,0,0,0,0,0,0,0,2,Roasted Cauliflower with Garlic,4.0,https://www.epicurious.com/recipes/food/views/roasted-cauliflower-with-garlic-105730
caviar,26,0,11,0,72,0,40,0,74,0,10,53,0,0,0,0,0,0,0,0,0,0,0,0,0,0,0,0,0,0,0,0,0,0,0,40,Texas Caviar from the Cowgirl Hall of Fame Restaurant,4.5,https://www.epicurious.com/recipes/food/views/texas-caviar-from-the-cowgirl-hall-of-fame-restaurant-14807
celery,0,0,0,0,5,0,0,0,51,9,3,2,0,0,0,0,0,0,0,0,0,0,0,0,0,0,0,0,0,0,0,0,0,5,0,0,Old-Fashioned Chicken Noodle Soup,4.6,https://www.epicurious.com/recipes/food/views/old-fashioned-chicken-noodle-soup-5748
chambord,0,0,0,0,0,0,0,0,0,0,0,0,0,0,0,0,0,0,0,0,0,0,0,0,0,0,0,0,0,0,0,0,0,0,0,0,Yogurt-Marinated Chicken Kebabs with Aleppo Pepper,4.7,https://www.epicurious.com/recipes/food/views/yogurt-marinated-chicken-kebabs-with-aleppo-pepper-353832
champagne,0,0,0,0,0,0,0,0,0,0,0,0,0,0,0,0,0,0,0,0,0,0,0,0,0,0,0,0,0,0,0,0,0,0,0,0,Marinated Shrimp with Champagne Beurre Blanc,4.6,https://www.epicurious.com/recipes/food/views/marinated-shrimp-with-champagne-beurre-blanc-108934
chard,0,0,0,0,0,0,0,0,0,0,0,0,0,0,0,0,0,0,0,0,0,0,0,0,0,0,0,0,0,0,0,0,0,0,0,0,Sauteed Swiss Chard with Onions,4.7,https://www.epicurious.com/recipes/food/views/sauteed-swiss-chard-with-onions-240560
chartreuse,0,0,0,0,0,0,0,0,0,0,0,0,0,0,0,0,0,0,0,0,0,0,0,0,0,0,0,0,0,0,0,0,0,0,0,0,Berry Streusel Pie,4.7,https://www.epicurious.com/recipes/food/views/berry-streusel-pie-106866
cheddar,43,0,33,0,32,0,47,0,0,0,44,3,0,0,0,0,0,0,0,0,0,0,0,0,0,0,0,0,0,0,0,0,0,2,0,47,Three-Cheese Fondue with Champagne,4.5,https://www.epicurious.com/recipes/food/views/three-cheese-fondue-with-champagne-104710
cheese,14,0,6,0,16,0,18,0,12,4,11,4,0,0,0,0,0,0,0,0,0,0,0,0,0,0,0,0,0,0,0,0,0,0,0,18,Three-Cheese Lasagna with Italian Sausage,4.5,https://www.epicurious.com/recipes/food/views/three-cheese-lasagna-with-italian-sausage-3152
cherry,0,0,0,0,0,0,0,0,0,0,0,0,0,0,0,0,0,0,0,0,0,0,0,0,0,0,0,0,0,0,0,0,0,0,0,0,,,
chestnut,1,0,0,0,0,0,8,0,0,27,0,4,0,0,0,0,0,0,0,0,0,0,0,0,0,0,0,0,0,0,0,0,0,0,0,8,"Butternut Squash, Sage, and Goat Cheese Ravioli with Hazelnut Brown-Butter Sauce",4.0,https://www.epicurious.com/recipes/food/views/butternut-squash-sage-and-goat-cheese-ravioli-with-hazelnut-brown-butter-sauce-14287
chicken,11,0,18,0,41,0,32,0,0,0,0,7,0,0,0,0,0,0,0,0,0,0,0,0,0,0,0,0,0,0,0,0,0,0,0,32,Simple Roast Chicken,5.0,https://www.epicurious.com/recipes/food/views/my-favorite-simple-roast-chicken-231348
chickpea,8,0,0,0,1,0,38,0,6,4,8,34,0,0,0,0,0,0,0,0,0,0,0,0,0,0,0,0,0,0,0,0,0,0,0,38,African Curried Coconut Soup with Chickpeas,4.7,https://www.epicurious.com/recipes/food/views/african-curried-coconut-soup-with-chickpeas-352349
chile,0,0,0,0,0,0,0,0,0,0,0,0,0,0,0,0,0,0,0,0,0,0,0,0,0,0,0,0,0,0,0,0,0,0,0,0,Pan-Seared Tilapia with Chile Lime Butter,4.5,https://www.epicurious.com/recipes/food/views/pan-seared-tilapia-with-chile-lime-butter-108343
chile pepper,0,0,0,0,0,0,0,0,0,0,0,0,0,0,0,0,0,0,0,0,0,0,0,0,0,0,0,0,0,0,0,0,0,0,0,0,Spicy Two-Bean Vegetarian Chili,4.4,https://www.epicurious.com/recipes/food/views/spicy-two-bean-vegetarian-chili-107274
chili,9,0,7,0,23,0,14,0,0,0,1,4,0,0,0,0,0,0,0,0,0,0,0,0,0,0,0,0,0,0,0,0,0,3,0,14,Turkey Chili with White Beans,4.6,https://www.epicurious.com/recipes/food/views/turkey-chili-with-white-beans-3090
chive,0,0,0,0,0,0,0,0,0,0,0,0,0,0,0,0,0,0,0,0,0,0,0,0,0,0,0,0,0,0,0,0,0,0,0,0,Macaroni and Blue Cheese with Chives,4.3,https://www.epicurious.com/recipes/food/views/macaroni-and-blue-cheese-with-chives-107867
chocolate,32,0,9,0,2,0,11,0,0,0,13,12,0,0,0,0,0,0,0,0,0,0,0,0,0,0,0,0,0,0,0,0,0,5,0,11,Double Chocolate Layer Cake,4.7,https://www.epicurious.com/recipes/food/views/double-chocolate-layer-cake-101275
cilantro,0,0,0,0,0,0,0,0,0,0,0,0,0,0,0,0,0,0,0,0,0,0,0,0,0,0,0,0,0,0,0,0,0,0,0,0,Pan-Seared Tuna with Ginger-Shiitake Cream Sauce,4.7,https://www.epicurious.com/recipes/food/views/pan-seared-tuna-with-ginger-shiitake-cream-sauce-100670
cinnamon,0,0,0,0,0,0,0,0,0,0,0,0,0,0,0,0,0,0,0,0,0,0,0,0,0,0,0,0,0,0,0,0,0,0,0,0,Spiced Pumpkin Bread,4.5,https://www.epicurious.com/recipes/food/views/spiced-pumpkin-bread-840
citrus,0,0,0,0,0,0,0,0,0,0,0,0,0,0,0,0,0,0,0,0,0,0,0,0,0,0,0,0,0,0,0,0,0,0,0,0,Citrus Tilapia,4.4,https://www.epicurious.com/recipes/food/views/citrus-tilapia-356149
clam,0,0,0,0,0,0,0,0,0,0,0,0,0,0,0,0,0,0,0,0,0,0,0,0,0,0,0,0,0,0,0,0,0,0,0,0,New England Clam Chowder,4.6,https://www.epicurious.com/recipes/food/views/new-england-clam-chowder-104185
clove,0,0,0,0,0,0,0,0,0,0,0,0,0,0,0,0,0,0,0,0,0,0,0,0,0,0,0,0,0,0,0,0,0,0,0,0,New England Clam Chowder,4.6,https://www.epicurious.com/recipes/food/views/new-england-clam-chowder-104185
coconut,85,0,0,0,1,0,13,0,0,0,0,13,0,0,0,0,0,0,0,0,0,0,0,0,0,0,0,0,0,0,0,0,0,0,0,13,Chocolate Chip Banana Bread With Walnuts,4.3,https://www.epicurious.com/recipes/food/views/chocolate-chip-banana-bread-with-walnuts
cod,1,0,14,0,27,0,36,0,0,0,1,2,0,0,0,0,0,0,0,0,0,0,0,0,0,0,0,0,0,0,0,0,0,9,0,36,Black Cod with Miso,4.7,https://www.epicurious.com/recipes/food/views/black-cod-with-miso-105872
coffee,32,0,0,0,8,0,21,0,0,5,5,21,0,0,0,0,0,0,0,0,0,0,0,0,0,0,0,0,0,0,0,0,0,0,0,21,Chocolate Espresso Cookies,4.5,https://www.epicurious.com/recipes/food/views/chocolate-espresso-cookies-13440
cognac/armagnac,0,0,0,0,0,0,0,0,0,0,0,0,0,0,0,0,0,0,0,0,0,0,0,0,0,0,0,0,0,0,0,0,0,0,0,0,Beef Medallions with Cognac Sauce,4.4,https://www.epicurious.com/recipes/food/views/beef-medallions-with-cognac-sauce-100654
collard greens,0,0,0,0,6,0,3,0,0,0,7,4,0,0,0,0,0,0,0,0,0,0,0,0,0,0,0,0,0,0,0,0,0,2,0,3,Collard Greens with Red Onions and Bacon,4.6,https://www.epicurious.com/recipes/food/views/collard-greens-with-red-onions-and-bacon-13471
condiment,0,0,0,0,9,0,0,0,0,0,0,29,0,0,0,0,0,0,0,0,0,0,0,0,0,0,0,0,0,0,0,0,0,0,0,0,Ranch Dressing,4.0,https://www.epicurious.com/recipes/food/views/ranch-dressing-100983
condiment/spread,0,0,0,0,0,0,0,0,0,0,0,0,0,0,0,0,0,0,0,0,0,0,0,0,0,0,0,0,0,0,0,0,0,0,0,0,Classic Pesto,4.6,https://www.epicurious.com/recipes/food/views/classic-pesto-109802
cookie,37,0,12,0,0,0,14,0,0,0,5,14,0,0,0,0,0,0,0,0,0,0,0,0,0,0,0,0,0,0,0,0,0,0,0,14,Spiced Pumpkin Bread,4.5,https://www.epicurious.com/recipes/food/views/spiced-pumpkin-bread-840
cookies,7,0,0,0,19,0,14,0,0,0,5,21,0,0,0,0,18,17,0,0,0,0,0,0,0,0,28,0,0,0,0,0,0,0,0,14,Spiced Pumpkin Bread,4.5,https://www.epicurious.com/recipes/food/views/spiced-pumpkin-bread-840
coriander,0,0,0,0,0,0,0,0,0,0,0,0,0,0,0,0,0,0,0,0,0,0,0,0,0,0,0,0,0,0,0,0,0,0,0,0,Pan-Seared Tuna with Ginger-Shiitake Cream Sauce,4.7,https://www.epicurious.com/recipes/food/views/pan-seared-tuna-with-ginger-shiitake-cream-sauce-100670
corn,1,0,0,0,0,0,7,0,0,0,0,3,0,0,0,0,0,0,0,0,0,0,0,0,0,0,0,0,0,0,0,0,0,5,0,7,My Favorite Falafel,4.6,https://www.epicurious.com/recipes/food/views/my-favorite-falafel-231755
cornmeal,0,0,0,0,0,0,14,0,0,0,0,5,0,0,0,0,0,0,0,0,0,0,0,0,0,0,0,0,0,0,0,0,0,0,0,14,Lemon Cornmeal Cake with Lemon Glaze and Crushed-Blueberry Sauce,4.7,https://www.epicurious.com/recipes/food/views/lemon-cornmeal-cake-with-lemon-glaze-and-crushed-blueberry-sauce-352048
cottage cheese,6,0,7,0,17,0,21,0,20,0,5,0,0,0,0,0,0,0,0,0,0,0,0,0,0,0,0,0,0,0,0,0,0,0,0,21,Shrimp Risotto with Baby Spinach and Basil,4.3,https://www.epicurious.com/recipes/food/views/shrimp-risotto-with-baby-spinach-and-basil-107841
couscous,0,0,0,0,0,0,27,0,0,0,2,6,0,0,0,0,0,0,0,0,0,0,0,0,0,0,0,0,0,0,0,0,0,3,0,27,Mediterranean Couscous and Lentil Salad,4.7,https://www.epicurious.com/recipes/food/views/mediterranean-couscous-and-lentil-salad-13106
crab,2,0,35,0,16,0,46,0,19,0,7,5,0,0,0,0,0,0,0,0,0,0,0,0,0,0,0,0,0,0,0,0,0,0,0,46,Dan's Baked Stuffed Shrimp,4.6,https://www.epicurious.com/recipes/food/views/dans-baked-stuffed-shrimp-11357
cranberry,0,0,0,0,0,0,25,0,0,13,15,0,0,0,0,0,0,0,0,0,0,0,0,0,0,0,0,0,0,0,0,0,0,0,0,25,Pork Tenderloin with Balsamic-Cranberry Sauce,4.5,https://www.epicurious.com/recipes/food/views/pork-tenderloin-with-balsamic-cranberry-sauce-100314
cranberry sauce,0,0,0,0,0,0,0,0,0,10,0,3,0,0,0,0,0,0,0,0,0,0,0,0,0,0,0,0,0,0,0,0,0,0,0,0,,,
cream cheese,41,0,30,0,15,0,14,0,19,0,5,0,0,0,0,0,0,0,0,0,0,0,0,0,0,0,0,0,0,0,0,0,0,0,0,14,New York Cheesecake,4.5,https://www.epicurious.com/recipes/food/views/new-york-cheesecake-102592
créme de cacao,0,0,0,0,0,0,0,0,0,0,0,0,0,0,0,0,0,0,0,0,0,0,0,0,0,0,0,0,0,0,0,0,0,0,0,0,Ginger and Vanilla Bean Crème Brûlée,5.0,https://www.epicurious.com/recipes/food/views/ginger-and-vanilla-bean-creme-brulee-100487
crêpe,0,0,0,0,0,0,0,0,0,0,0,0,0,0,0,0,0,0,0,0,0,0,0,0,0,0,0,0,0,0,0,0,0,0,0,0,Crème Brûlée French Toast,4.5,https://www.epicurious.com/recipes/food/views/creme-brulee-french-toast-15213
cr��me de cacao,0,0,0,0,0,0,0,0,0,0,0,0,0,0,0,0,0,0,0,0,0,0,0,0,0,0,0,0,0,0,0,0,0,0,0,0,Cranberry-Lime Tart,4.0,https://www.epicurious.com/recipes/food/views/cranberry-lime-tart-108931
cucumber,0,0,0,0,0,0,0,0,0,0,0,0,0,0,0,0,0,0,0,0,0,0,0,0,0,0,0,0,0,0,0,0,0,0,0,0,Kale and Brussels Sprouts Salad,5.0,https://www.epicurious.com/recipes/food/views/kale-brussels-sprout-salad-368295
cumin,0,0,0,0,0,0,0,0,0,0,0,0,0,0,0,0,0,0,0,0,0,0,0,0,0,0,0,0,0,0,0,0,0,0,0,0,Three-Bean Salad,4.7,https://www.epicurious.com/recipes/food/views/three-bean-salad-237666
cupcake,30,0,5,0,8,0,3,0,0,0,2,6,0,0,0,0,0,0,0,0,0,0,0,0,0,0,0,0,0,0,0,0,0,0,0,3,Pumpkin Cheesecake with Caramel Swirl,5.0,https://www.epicurious.com/recipes/food/views/pumpkin-cheesecake-with-caramel-swirl-2635
currant,0,0,0,0,0,0,0,0,0,0,0,0,0,0,0,0,0,0,0,0,0,0,0,0,0,0,0,0,0,0,0,0,0,0,0,0,Orange Currant Scones,4.4,https://www.epicurious.com/recipes/food/views/orange-currant-scones-14309
curry,0,0,0,0,0,0,0,0,0,0,0,0,0,0,0,0,0,0,0,0,0,0,0,0,0,0,0,0,0,0,0,0,0,0,0,0,Chicken Curry with Cashews,4.6,https://www.epicurious.com/recipes/food/views/chicken-curry-with-cashews-231358
custard,3,0,0,0,2,0,6,0,68,0,8,0,0,0,0,0,0,0,0,0,0,0,0,0,0,0,0,0,0,0,0,0,0,0,0,6,Ginger and Vanilla Bean Crème Brûlée,5.0,https://www.epicurious.com/recipes/food/views/ginger-and-vanilla-bean-creme-brulee-100487
dairy,4,0,5,0,2,0,7,0,14,1,8,0,0,0,0,0,0,0,0,0,0,0,0,0,0,0,0,0,0,0,0,0,0,0,0,7,Butternut Squash Gratin with Goat Cheese and Hazelnuts,4.6,https://www.epicurious.com/recipes/food/views/butternut-squash-gratin-with-goat-cheese-and-hazelnuts-240412
date,0,0,0,0,0,0,0,0,0,0,0,0,0,0,0,0,0,0,0,0,0,0,0,0,0,0,0,0,0,0,0,0,0,0,0,0,Dates with Goat Cheese Wrapped in Prosciutto,4.7,https://www.epicurious.com/recipes/food/views/dates-with-goat-cheese-wrapped-in-prosciutto-241134
dill,0,0,0,0,0,0,0,0,0,0,0,0,0,0,0,0,0,0,0,0,0,0,0,0,0,0,0,0,0,0,0,0,0,0,0,0,Salmon Glazed with Honey and Mustard,4.0,https://www.epicurious.com/recipes/food/views/salmon-glazed-with-honey-and-mustard-102649
dried fruit,0,0,0,0,0,0,0,0,0,0,0,0,0,0,0,0,0,0,0,0,0,0,0,0,0,0,0,0,0,0,0,0,0,0,0,0,Cranberry and Dried-Cherry Sauce,4.7,https://www.epicurious.com/recipes/food/views/cranberry-and-dried-cherry-sauce-107322
duck,0,0,0,0,0,0,0,0,0,0,0,0,0,0,0,0,0,0,0,0,0,0,0,0,0,0,0,0,0,0,0,0,0,0,0,0,Crisp Roast Duck,4.0,https://www.epicurious.com/recipes/food/views/crisp-roast-duck-235744
eau de vie,0,0,0,0,0,0,0,0,0,0,0,0,0,0,0,0,0,0,0,0,0,0,0,0,0,0,0,0,0,0,0,0,0,0,0,0,Chicken Francaise,4.0,https://www.epicurious.com/recipes/food/views/chicken-francaise-108667
egg,15,0,0,0,16,0,23,0,0,0,0,0,0,0,0,0,0,0,0,0,0,0,0,0,0,0,0,0,0,0,0,0,0,0,0,23,Raspberry Buttermilk Cake,4.7,https://www.epicurious.com/recipes/food/views/raspberry-buttermilk-cake-353616
eggplant,0,0,0,0,0,0,0,0,0,0,0,0,0,0,0,0,0,0,0,0,0,0,0,0,0,0,0,0,0,0,0,0,0,0,0,0,Eggplant Parmesan,4.7,https://www.epicurious.com/recipes/food/views/eggplant-parmesan
endive,0,0,0,0,0,0,0,0,0,0,0,0,0,0,0,0,0,0,0,0,0,0,0,0,0,0,0,0,0,0,0,0,0,0,0,0,"Pear, Arugula and Endive Salad with Candied Walnuts",4.4,https://www.epicurious.com/recipes/food/views/pear-arugula-and-endive-salad-with-candied-walnuts-104472
escarole,0,0,0,0,1,0,2,0,29,8,4,5,0,0,0,0,0,0,0,0,0,0,0,0,0,0,0,0,0,0,0,0,0,0,0,2,Chocolate-Espresso Lava Cakes with Espresso Whipped Cream,4.5,https://www.epicurious.com/recipes/food/views/chocolate-espresso-lava-cakes-with-espresso-whipped-cream-106232
fennel,0,0,0,0,0,0,0,0,0,0,0,0,0,0,0,0,0,0,0,0,0,0,0,0,0,0,0,0,0,0,0,0,0,0,0,0,Pumpkin Cheesecake With Bourbon–Sour Cream Topping,4.7,https://www.epicurious.com/recipes/food/views/pumpkin-cheesecake-with-bourbon-sour-cream-topping-13386
feta,37,0,0,0,30,0,0,0,0,0,0,0,0,0,0,0,0,0,0,0,0,0,0,0,0,0,0,0,0,0,0,0,0,0,0,0,Three-Cheese Lasagna with Italian Sausage,4.5,https://www.epicurious.com/recipes/food/views/three-cheese-lasagna-with-italian-sausage-3152
fig,0,0,0,0,0,0,1,0,0,0,0,0,0,0,0,0,0,0,0,0,0,0,0,0,0,0,0,0,0,0,0,0,0,0,0,1,Cranberry Sauce with Port and Dried Figs,5.0,https://www.epicurious.com/recipes/food/views/cranberry-sauce-with-port-and-dried-figs-105836
fish,0,0,0,0,0,0,0,0,0,0,0,0,0,0,0,0,0,0,0,0,0,0,0,0,0,0,0,0,0,0,0,0,0,0,0,0,Pan-Seared Tuna with Ginger-Shiitake Cream Sauce,4.7,https://www.epicurious.com/recipes/food/views/pan-seared-tuna-with-ginger-shiitake-cream-sauce-100670
flat bread,0,0,0,0,0,0,0,0,0,0,0,0,0,0,0,0,0,0,0,0,0,0,0,0,0,0,0,0,0,0,0,0,0,0,0,0,Chocolate Chip Banana Bread With Walnuts,4.3,https://www.epicurious.com/recipes/food/views/chocolate-chip-banana-bread-with-walnuts
fontina,0,0,0,0,0,0,0,0,0,0,0,0,0,0,0,0,0,0,0,0,0,0,0,0,0,0,0,0,0,0,0,0,0,0,0,0,"Chicken Breasts Stuffed with Fontina, Artichokes, and Sun-Dried Tomatoes",4.3,https://www.epicurious.com/recipes/food/views/chicken-breasts-stuffed-with-fontina-artichokes-and-sun-dried-tomatoes-241332
fortified wine,0,0,0,0,0,0,0,0,0,0,0,0,0,0,0,0,0,0,0,0,0,0,0,0,0,0,0,0,0,0,0,0,0,0,0,0,"Beef Tenderloin with Roasted Shallots, Bacon and Port",4.7,https://www.epicurious.com/recipes/food/views/beef-tenderloin-with-roasted-shallots-bacon-and-port-4542
frangelico,0,0,0,0,0,0,0,0,0,0,0,0,0,0,0,0,0,0,0,0,0,0,0,0,0,0,0,0,0,0,0,0,0,0,0,0,Capellini with Shrimp and Creamy Tomato Sauce,4.5,https://www.epicurious.com/recipes/food/views/capellini-with-shrimp-and-creamy-tomato-sauce-241995
frittata,0,0,0,0,0,0,0,0,0,0,0,0,0,0,0,0,0,0,0,0,0,0,0,0,0,0,0,0,0,0,0,0,0,0,0,0,Vegetable Frittata With Asiago Cheese,4.0,https://www.epicurious.com/recipes/food/views/vegetable-frittata-with-asiago-cheese-4242
fritter,0,0,0,0,0,0,0,0,0,0,0,0,0,0,0,0,0,0,0,0,0,0,0,0,0,0,0,0,0,0,0,0,0,0,0,0,Vegetable Frittata With Asiago Cheese,4.0,https://www.epicurious.com/recipes/food/views/vegetable-frittata-with-asiago-cheese-4242
fruit,0,0,0,0,0,0,0,0,0,0,0,0,0,0,0,0,0,0,0,0,0,0,0,0,0,0,0,0,0,0,0,0,0,0,0,0,Banana-Macadamia Nut Muffins,4.6,https://www.epicurious.com/recipes/food/views/banana-macadamia-nut-muffins-2050
fruit juice,0,0,0,0,0,0,0,0,5,1,0,2,0,0,0,0,0,0,0,0,0,0,0,0,0,0,0,0,0,0,0,0,0,2,0,0,Lemon Mousse with Fresh Berries,4.6,https://www.epicurious.com/recipes/food/views/lemon-mousse-with-fresh-berries-101987
game,0,0,0,0,0,0,0,0,0,0,0,0,0,0,0,0,0,0,0,0,0,0,0,0,0,0,0,0,0,0,0,0,0,0,0,0,Cornish Game Hens with Sweet-Potato Risotto and Cranberry Sauce,4.6,https://www.epicurious.com/recipes/food/views/cornish-game-hens-with-sweet-potato-risotto-and-cranberry-sauce-104344
garlic,37,0,24,0,33,0,25,0,0,0,0,0,0,0,0,0,0,0,0,0,0,0,0,0,0,0,0,0,0,0,0,0,0,0,0,25,Roast Pork Loin with Garlic and Rosemary,4.6,https://www.epicurious.com/recipes/food/views/roast-pork-loin-with-garlic-and-rosemary-101684
gin,0,0,0,0,0,0,0,0,0,0,0,0,0,0,0,0,0,0,0,0,0,0,0,0,0,0,0,0,0,0,0,0,0,0,0,0,Dry Martini,4.5,https://www.epicurious.com/recipes/food/views/classic-dry-martini-237574
ginger,0,0,0,0,0,0,0,0,0,0,0,0,0,0,0,0,0,0,0,0,0,0,0,0,0,0,0,0,0,0,0,0,0,0,0,0,Red Velvet Cake with Raspberries and Blueberries,4.3,https://www.epicurious.com/recipes/food/views/red-velvet-cake-with-raspberries-and-blueberries-108256
goat cheese,27,0,30,0,9,0,36,0,0,0,6,0,0,0,0,0,0,0,0,0,0,0,0,0,0,0,0,0,0,0,0,0,0,0,0,36,"Goat Cheese, Artichoke, and Smoked Ham Strata",4.6,https://www.epicurious.com/recipes/food/views/goat-cheese-artichoke-and-smoked-ham-strata-4513
goose,0,0,0,0,0,0,0,0,0,0,0,0,0,0,0,0,0,0,0,0,0,0,0,0,0,0,0,0,0,0,0,0,0,0,0,0,Devil Dog Cake,4.0,https://www.epicurious.com/recipes/food/views/devil-dog-cake-241516
gouda,41,0,36,0,40,0,50,0,19,0,55,0,0,0,0,0,0,0,0,0,0,0,0,0,0,0,0,0,0,0,0,0,0,0,0,50,Smoked Gouda and Caramelized Onion Quesadillas,4.6,https://www.epicurious.com/recipes/food/views/smoked-gouda-and-caramelized-onion-quesadillas-699
grains,0,0,0,0,0,0,0,0,0,0,0,0,0,0,0,0,0,0,0,0,0,0,0,0,0,0,0,0,0,0,0,0,0,0,0,0,Quick Oat Bran and Banana Muffins,4.0,https://www.epicurious.com/recipes/food/views/quick-oat-bran-and-banana-muffins-1132
grand marnier,0,0,0,0,0,0,0,0,0,0,0,0,0,0,0,0,0,0,0,0,0,0,0,0,0,0,0,0,0,0,0,0,0,0,0,0,Grand Marnier French Toast,4.7,https://www.epicurious.com/recipes/food/views/grand-marnier-french-toast-715
granola,45,0,0,0,0,0,23,0,0,0,4,19,0,0,0,0,0,0,0,0,0,0,0,0,0,0,0,0,0,0,0,0,0,0,0,23,Panna Cotta,4.7,https://www.epicurious.com/recipes/food/views/panna-cotta-14224
grape,0,0,0,0,0,0,0,0,0,23,0,0,0,0,0,0,0,0,0,0,0,0,0,0,0,0,0,0,0,0,0,0,0,0,0,0,Roasted Beet Salad,4.6,https://www.epicurious.com/recipes/food/views/roasted-beet-salad-1022189
grapefruit,0,0,0,0,0,0,0,0,0,0,0,0,0,0,0,0,0,0,0,0,0,0,0,0,0,0,0,0,0,0,0,0,0,0,0,0,Pamplemousse Cocktail,5.0,https://www.epicurious.com/recipes/food/views/pamplemousse-cocktail-236903
grappa,0,0,0,0,0,0,0,0,0,0,0,0,0,0,0,0,0,0,0,0,0,0,0,0,0,0,0,0,0,0,0,0,0,0,0,0,Potato Gratin with Gruyère and Crème Fraîche,4.7,https://www.epicurious.com/recipes/food/views/potato-gratin-with-gruyere-and-creme-fraiche-107310
green bean,0,0,0,0,14,0,0,0,28,0,1,2,0,0,0,0,0,0,0,0,0,0,0,0,0,0,0,0,0,0,0,0,0,0,0,0,Green Beans with Roasted Onions,4.3,https://www.epicurious.com/recipes/food/views/green-beans-with-roasted-onions-885
green onion/scallion,0,0,0,0,0,0,0,0,0,0,0,0,0,0,0,0,0,0,0,0,0,0,0,0,0,0,0,0,0,0,0,0,0,0,0,0,Sea Scallops with Cilantro Gremolata and Ginger Lime Beurre Blanc,4.6,https://www.epicurious.com/recipes/food/views/sea-scallops-with-cilantro-gremolata-and-ginger-lime-beurre-blanc-106359
grill,0,0,0,0,0,0,0,0,0,0,0,0,0,0,0,0,0,0,0,0,0,0,0,0,0,0,0,0,0,0,0,0,0,0,0,0,Glazed Grilled Salmon,4.3,https://www.epicurious.com/recipes/food/views/glazed-grilled-salmon-2271
grill/barbecue,0,0,0,0,0,0,0,0,0,0,0,0,0,0,0,0,0,0,0,0,0,0,0,0,0,0,0,0,0,0,0,0,0,0,0,0,Hot and Smoky Baked Beans,4.5,https://www.epicurious.com/recipes/food/views/hot-and-smoky-baked-beans-101852
ground beef,19,0,22,0,3,0,38,0,0,0,0,13,0,0,0,0,0,0,0,0,0,0,0,0,0,0,0,0,0,0,0,0,0,0,0,38,Turkey Meatloaf,4.7,https://www.epicurious.com/recipes/food/views/turkey-meatloaf-107599
ground lamb,26,0,25,0,3,0,34,0,10,0,0,9,0,0,0,0,0,0,0,0,0,0,0,0,0,0,0,0,0,0,0,0,0,0,0,34,Shepherd's Pie,4.5,https://www.epicurious.com/recipes/food/views/shepherds-pie-240224
guava,0,0,0,0,0,0,1,0,0,0,2,3,0,0,0,0,0,0,0,0,0,0,0,0,0,0,0,0,0,0,0,0,0,6,0,1,Guava-Stuffed Chicken with Caramelized Mango,4.0,https://www.epicurious.com/recipes/food/views/guava-stuffed-chicken-with-caramelized-mango-234806
halibut,2,0,12,0,2,0,41,0,20,0,2,6,0,0,0,0,0,0,0,0,0,0,0,0,0,0,0,0,0,0,0,0,0,0,0,41,"Seared Halibut with Haricots Verts, Scallions, and White Wine Sauce",4.7,https://www.epicurious.com/recipes/food/views/seared-halibut-with-haricots-verts-scallions-and-white-wine-sauce-104104
ham,4,0,18,0,37,0,34,0,0,0,0,4,0,0,0,0,0,0,0,0,0,0,0,0,0,0,0,0,0,0,0,0,0,0,0,34,"Goat Cheese, Artichoke, and Smoked Ham Strata",4.6,https://www.epicurious.com/recipes/food/views/goat-cheese-artichoke-and-smoked-ham-strata-4513
hamburger,7,0,0,0,21,0,19,0,0,0,11,14,0,0,0,0,18,23,0,0,0,0,0,0,0,0,0,0,0,0,0,0,0,0,0,19,Carolina Pulled-Pork Sandwiches,4.7,https://www.epicurious.com/recipes/food/views/carolina-pulled-pork-sandwiches-101803
hazelnut,41,0,4,0,3,0,15,0,0,0,11,24,0,0,0,0,0,0,0,0,0,0,0,0,0,0,0,0,0,0,0,0,0,0,0,15,Butternut Squash Gratin with Goat Cheese and Hazelnuts,4.6,https://www.epicurious.com/recipes/food/views/butternut-squash-gratin-with-goat-cheese-and-hazelnuts-240412
herb,0,0,0,0,0,0,0,0,0,0,0,0,0,0,0,0,0,0,0,0,0,0,0,0,0,0,0,0,0,0,0,0,0,0,0,0,Scalloped Potatoes with Goat Cheese and Herbes de Provence,4.4,https://www.epicurious.com/recipes/food/views/scalloped-potatoes-with-goat-cheese-and-herbes-de-provence-2999
honey,0,0,0,0,0,0,0,0,0,0,0,0,0,0,0,0,0,0,0,0,0,0,0,0,0,0,0,0,0,0,0,0,0,0,0,0,Pork Tenderloin with Balsamic-Cranberry Sauce,4.5,https://www.epicurious.com/recipes/food/views/pork-tenderloin-with-balsamic-cranberry-sauce-100314
honeydew,0,0,0,0,0,0,0,0,0,0,0,0,0,0,0,0,0,0,0,0,0,0,0,0,0,0,0,0,0,0,0,0,0,0,0,0,Honey-Gingered Pork Tenderloins,4.6,https://www.epicurious.com/recipes/food/views/honey-gingered-pork-tenderloins-15277
horseradish,0,0,0,0,4,0,0,0,0,53,0,0,0,0,0,0,0,0,0,0,0,0,0,0,0,0,0,0,0,0,0,0,0,0,0,0,Prime Rib with Roasted Garlic and Horseradish Crust,4.6,https://www.epicurious.com/recipes/food/views/prime-rib-with-roasted-garlic-and-horseradish-crust-3142
hot pepper,32,0,36,0,50,0,43,0,19,0,41,0,0,0,0,0,0,0,0,0,0,0,0,0,0,0,0,0,0,0,0,0,0,0,0,43,Spicy Two-Bean Vegetarian Chili,4.4,https://www.epicurious.com/recipes/food/views/spicy-two-bean-vegetarian-chili-107274
hummus,11,0,0,0,11,0,20,0,0,0,0,13,0,0,0,0,0,0,0,0,0,0,0,0,0,0,0,0,0,0,0,0,0,0,0,20,Hummus,4.4,https://www.epicurious.com/recipes/food/views/hummus-101577
ice cream,13,0,12,0,3,0,7,0,0,0,7,7,0,0,0,0,0,0,0,0,0,0,0,0,0,0,0,0,0,0,0,0,0,3,0,7,Flourless Chocolate Cake,4.6,https://www.epicurious.com/recipes/food/views/flourless-chocolate-cake-14478
jalapeño,0,0,0,0,0,0,0,0,0,0,0,0,0,0,0,0,0,0,0,0,0,0,0,0,0,0,0,0,0,0,0,0,0,0,0,0,Fish Taco Platter,5.0,https://www.epicurious.com/recipes/food/views/fish-taco-platter-233703
jam or jelly,0,0,0,0,0,0,0,0,0,0,0,0,0,0,0,0,0,0,0,0,0,0,0,0,0,0,0,0,0,0,0,0,0,0,0,0,Old-Fashioned Raspberry Jam,4.4,https://www.epicurious.com/recipes/food/views/old-fashioned-raspberry-jam-230700
jerusalem artichoke,0,0,0,0,0,0,0,0,0,0,0,0,0,0,0,0,0,0,0,0,0,0,0,0,0,0,0,0,0,0,0,0,0,0,0,0,Artichoke Bruschetta,4.3,https://www.epicurious.com/recipes/food/views/artichoke-bruschetta-5864
jícama,0,0,0,0,0,0,0,0,0,0,0,0,0,0,0,0,0,0,0,0,0,0,0,0,0,0,0,0,0,0,0,0,0,0,0,0,"Black Bean, Jícama, and Grilled Corn Salad",4.6,https://www.epicurious.com/recipes/food/views/black-bean-jicama-and-grilled-corn-salad-109678
kahlúa,0,0,0,0,0,0,0,0,0,0,0,0,0,0,0,0,0,0,0,0,0,0,0,0,0,0,0,0,0,0,0,0,0,0,0,0,"Multi-Grain Pasta with Butternut Squash, Ground Lamb, and Kasseri",4.5,https://www.epicurious.com/recipes/food/views/multi-grain-pasta-with-butternut-squash-ground-lamb-and-kasseri-362950
kale,2,0,0,0,2,0,5,0,0,0,20,9,0,0,0,0,0,0,0,0,0,0,0,0,0,0,0,0,0,0,0,0,0,8,0,5,Kale and Brussels Sprouts Salad,5.0,https://www.epicurious.com/recipes/food/views/kale-brussels-sprout-salad-368295
kirsch,0,0,0,0,0,0,0,0,0,0,0,0,0,0,0,0,0,0,0,0,0,0,0,0,0,0,0,0,0,0,0,0,0,0,0,0,Almond Cake with Kirsch,4.7,https://www.epicurious.com/recipes/food/views/almond-cake-with-kirsch-101677
kiwi,0,0,0,0,6,0,0,0,0,4,5,7,0,0,0,0,0,0,0,0,0,0,0,0,0,0,0,0,0,0,0,0,0,0,0,0,Thai-Curry Seafood Stew,4.3,https://www.epicurious.com/recipes/food/views/thai-curry-seafood-stew-105676
kumquat,0,0,0,0,0,0,0,0,0,0,0,0,0,0,0,0,0,0,0,0,0,0,0,0,0,0,0,0,0,0,0,0,0,0,0,0,Salmon and Rice Wrapped in Pastry with Dill Sauce,4.6,https://www.epicurious.com/recipes/food/views/salmon-and-rice-wrapped-in-pastry-with-dill-sauce-1248
lamb,26,0,24,0,3,0,34,0,0,0,0,8,0,0,0,0,0,0,0,0,0,0,0,0,0,0,0,0,0,0,0,0,0,0,0,34,Chicken Breasts Stuffed with Goat Cheese and Basil,4.3,https://www.epicurious.com/recipes/food/views/chicken-breasts-stuffed-with-goat-cheese-and-basil-2749
lamb chop,0,0,0,0,0,0,0,0,0,0,0,0,0,0,0,0,0,0,0,0,0,0,0,0,0,0,0,0,0,0,0,0,0,0,0,0,Leg of Lamb With Garlic and Rosemary,4.7,https://www.epicurious.com/recipes/food/views/leg-of-lamb-with-garlic-and-rosemary-105020
lamb shank,0,0,0,0,0,0,0,0,0,0,0,0,0,0,0,0,0,0,0,0,0,0,0,0,0,0,0,0,0,0,0,0,0,0,0,0,Leg of Lamb With Garlic and Rosemary,4.7,https://www.epicurious.com/recipes/food/views/leg-of-lamb-with-garlic-and-rosemary-105020
lasagna,8,0,5,0,15,0,16,0,39,7,9,4,0,0,0,0,0,0,0,0,0,0,0,0,0,0,0,0,0,0,0,0,0,0,0,16,Three-Cheese Lasagna with Italian Sausage,4.5,https://www.epicurious.com/recipes/food/views/three-cheese-lasagna-with-italian-sausage-3152
leafy green,0,0,0,0,0,0,0,0,0,0,0,0,0,0,0,0,0,0,0,0,0,0,0,0,0,0,0,0,0,0,0,0,0,0,0,0,"Mixed Green Salad with Oranges, Dried Cranberries and Pecans",4.5,https://www.epicurious.com/recipes/food/views/mixed-green-salad-with-oranges-dried-cranberries-and-pecans-15661
leek,0,0,0,0,0,0,0,0,0,0,0,0,0,0,0,0,0,0,0,0,0,0,0,0,0,0,0,0,0,0,0,0,0,0,0,0,Almond-Crusted Salmon with Leek and Lemon Cream,4.5,https://www.epicurious.com/recipes/food/views/almond-crusted-salmon-with-leek-and-lemon-cream-106414
legume,0,0,0,0,0,0,0,0,0,0,0,0,0,0,0,0,0,0,0,0,0,0,0,0,0,0,0,0,0,0,0,0,0,0,0,0,Polenta and Black Bean Casserole,4.0,https://www.epicurious.com/recipes/food/views/polenta-and-black-bean-casserole-106209
lemon,38,0,0,0,35,0,0,0,0,4,0,0,0,0,0,0,0,0,0,0,0,0,0,0,0,0,0,0,0,0,0,0,0,0,0,0,Lemon Layer Cake with Lemon Curd and Mascarpone,4.3,https://www.epicurious.com/recipes/food/views/lemon-layer-cake-with-lemon-curd-and-mascarpone-107898
lemon juice,0,0,0,0,0,0,0,0,0,27,0,0,0,0,0,0,0,0,0,0,0,0,0,0,0,0,0,0,0,0,0,0,0,0,0,0,Lemon Bars,4.0,https://www.epicurious.com/recipes/food/views/lemon-bars-101162
lemongrass,0,0,0,0,0,0,0,0,0,0,0,0,0,0,0,0,0,0,0,0,0,0,0,0,0,0,0,0,0,0,0,0,0,0,0,0,Lemon Curd,5.0,https://www.epicurious.com/recipes/food/views/easy-lemon-curd
lentil,0,0,0,0,0,0,0,0,0,0,0,0,0,0,0,0,0,0,0,0,0,0,0,0,0,0,0,0,0,0,0,0,0,0,0,0,French Lentil Soup,4.6,https://www.epicurious.com/recipes/food/views/french-lentil-soup-236772
lettuce,0,0,0,0,0,0,0,0,0,0,0,0,0,0,0,0,0,0,0,0,0,0,0,0,0,0,0,0,0,0,0,0,0,0,0,0,Asian Turkey Lettuce Wraps,4.3,https://www.epicurious.com/recipes/food/views/asian-turkey-lettuce-wraps-106963
lima bean,0,0,0,0,0,0,0,0,0,0,0,0,0,0,0,0,0,0,0,0,0,0,0,0,0,0,0,0,0,0,0,0,0,0,0,0,Full O' Beans Chili,4.0,https://www.epicurious.com/recipes/food/views/full-o-beans-chili-232
lime,0,0,0,0,0,0,0,0,0,0,0,0,0,0,0,0,0,0,0,0,0,0,0,0,0,0,0,0,0,0,0,0,0,0,0,0,,,
lime juice,0,0,0,0,0,0,0,0,0,37,0,0,0,0,0,0,0,0,0,0,0,0,0,0,0,0,0,0,0,0,0,0,0,2,0,0,Lime Mousse Cake,4.7,https://www.epicurious.com/recipes/food/views/lime-mousse-cake-103648
lingonberry,0,0,0,0,0,0,0,0,0,0,0,0,0,0,0,0,0,0,0,0,0,0,0,0,0,0,0,0,0,0,0,0,0,0,0,0,Linguine with White Clam Sauce,4.4,https://www.epicurious.com/recipes/food/views/linguine-with-white-clam-sauce-529
liqueur,0,0,0,0,0,0,0,0,0,0,0,0,0,0,0,0,0,0,0,0,0,0,0,0,0,0,0,0,0,0,0,0,0,0,0,0,White Chocolate Truffle and Chocolate Fudge Layer Cake,4.0,https://www.epicurious.com/recipes/food/views/white-chocolate-truffle-and-chocolate-fudge-layer-cake-107459
lobster,0,0,0,0,0,0,0,0,0,0,0,0,0,0,0,0,0,0,0,0,0,0,0,0,0,0,0,0,0,0,0,0,0,0,0,0,Shrimp-Stuffed Portobello Mushrooms,4.7,https://www.epicurious.com/recipes/food/views/shrimp-stuffed-portobello-mushrooms-104927
lychee,0,0,0,0,1,0,0,0,0,0,0,0,0,0,0,0,0,0,0,0,0,0,0,0,0,0,0,0,0,0,0,0,0,0,0,0,Lydia's Austrian Raspberry Shortbread,4.4,https://www.epicurious.com/recipes/food/views/lydias-austrian-raspberry-shortbread-102963
macadamia nut,0,0,0,0,0,0,0,0,0,0,0,0,0,0,0,0,0,0,0,0,0,0,0,0,0,0,0,0,0,0,0,0,0,0,0,0,Banana-Macadamia Nut Muffins,4.6,https://www.epicurious.com/recipes/food/views/banana-macadamia-nut-muffins-2050
macaroni and cheese,14,0,12,0,7,0,11,0,39,0,7,4,0,0,0,0,0,0,0,0,0,0,0,0,0,0,0,0,0,0,0,0,0,0,0,11,Macaroni and Cheese,4.6,https://www.epicurious.com/recipes/food/views/macaroni-and-cheese-239270
mango,0,0,0,0,0,0,1,0,14,33,1,11,0,0,0,0,0,0,0,0,0,0,0,0,0,0,0,0,0,0,0,0,0,0,0,1,Spinach Salad with Mango and Candied Pecans,4.5,https://www.epicurious.com/recipes/food/views/spinach-salad-with-mango-and-candied-pecans-103248
maple syrup,0,0,0,0,0,0,0,0,0,0,10,13,0,0,0,0,0,0,0,0,0,0,0,0,0,0,0,0,0,0,0,0,0,0,0,0,"Apple, Dried Cherry, and Walnut Salad with Maple Dressing",4.6,https://www.epicurious.com/recipes/food/views/apple-dried-cherry-and-walnut-salad-with-maple-dressing-107064
margarita,0,0,0,0,0,0,0,0,0,0,0,0,0,0,0,0,0,0,0,0,0,0,0,0,0,0,0,0,0,0,0,0,0,0,0,0,Cosmopolitan Champagne Cocktail,4.6,https://www.epicurious.com/recipes/food/views/cosmopolitan-champagne-cocktail-104447
marsala,73,0,0,0,76,0,0,0,97,0,0,0,0,0,0,0,0,0,0,0,0,0,0,0,0,0,0,0,0,0,0,0,0,0,0,0,Chicken Marsala,4.7,https://www.epicurious.com/recipes/food/views/chicken-marsala-232152
marscarpone,0,0,0,0,0,0,0,0,0,0,0,0,0,0,0,0,0,0,0,0,0,0,0,0,0,0,0,0,0,0,0,0,0,0,0,0,Chicken Marsala,4.7,https://www.epicurious.com/recipes/food/views/chicken-marsala-232152
marshmallow,0,0,0,0,0,0,7,0,0,0,0,0,0,0,0,0,0,0,0,0,0,0,0,0,0,0,0,0,0,0,0,0,0,0,0,7,Sweet Potatoes With Marshmallows and Brown-Sugar Glaze,4.7,https://www.epicurious.com/recipes/food/views/brown-sugar-glazed-sweet-potatoes-with-marshmallows-813
mayonnaise,32,0,12,0,36,0,0,0,0,0,0,0,0,0,0,0,0,0,0,0,0,0,0,0,0,0,0,0,0,0,0,0,0,0,0,0,Caesar Mayonnaise Dressing,4.7,https://www.epicurious.com/recipes/food/views/caesar-mayonnaise-dressing-11892
meat,15,0,19,0,10,0,36,0,0,0,1,4,0,0,0,0,0,0,0,0,0,0,0,0,0,0,0,0,0,0,0,0,0,0,0,36,Chicken Breasts Stuffed with Goat Cheese and Basil,4.3,https://www.epicurious.com/recipes/food/views/chicken-breasts-stuffed-with-goat-cheese-and-basil-2749
meatball,12,0,1,0,22,0,14,0,17,0,5,12,0,0,0,0,0,0,0,0,0,0,0,0,0,0,0,0,0,0,0,0,0,4,0,14,Spaghetti with Sicilian Meatballs,4.6,https://www.epicurious.com/recipes/food/views/spaghetti-with-sicilian-meatballs-102117
meatloaf,20,0,16,0,15,0,28,0,49,1,0,5,0,0,0,0,0,0,0,0,0,0,0,0,0,0,0,0,0,0,0,0,0,0,0,28,Turkey Meatloaf,4.7,https://www.epicurious.com/recipes/food/views/turkey-meatloaf-107599
melon,0,0,0,0,0,0,0,0,0,0,0,0,0,0,0,0,0,0,0,0,0,0,0,0,0,0,0,0,0,0,0,0,0,0,0,0,Tomato-Watermelon Salad with Feta and Toasted Almonds,4.6,https://www.epicurious.com/recipes/food/views/tomato-watermelon-salad-with-feta-and-toasted-almonds-235588
mezcal,0,0,0,0,0,0,0,0,0,0,0,0,0,0,0,0,0,0,0,0,0,0,0,0,0,0,0,0,0,0,0,0,0,0,0,0,"My Trademark, Most Requested, Absolutely Magnificent Caramel Matzoh Crunch",4.6,https://www.epicurious.com/recipes/food/views/my-trademark-most-requested-absolutely-magnificent-caramel-matzoh-crunch-109117
milk/cream,0,0,0,0,0,0,0,0,0,0,0,0,0,0,0,0,0,0,0,0,0,0,0,0,0,0,0,0,0,0,0,0,0,0,0,0,Simple Hot Cocoa for One,4.4,https://www.epicurious.com/recipes/food/views/simple-hot-cocoa-for-one-369469
mint,0,0,0,0,0,0,0,0,0,0,0,0,0,0,0,0,0,0,0,0,0,0,0,0,0,0,0,0,0,0,0,0,0,0,0,0,Ginger Spice Cookies,4.7,https://www.epicurious.com/recipes/food/views/ginger-spice-cookies-103156
molasses,0,0,0,0,3,0,0,0,0,0,21,40,0,0,0,0,0,0,0,0,0,0,0,0,0,0,0,0,0,0,0,0,0,0,0,0,Molasses Cookies,4.4,https://www.epicurious.com/recipes/food/views/molasses-cookies
monterey jack,37,0,0,0,18,0,7,0,0,0,0,0,0,0,0,0,0,0,0,0,0,0,0,0,0,0,0,0,0,0,0,0,0,0,0,7,Creamed Corn Gratin with Fried Onion Rings and Bacon,4.4,https://www.epicurious.com/recipes/food/views/creamed-corn-gratin-with-fried-onion-rings-and-bacon-108827
mozzarella,67,0,13,0,28,0,36,0,0,0,19,0,0,0,0,0,0,0,0,0,0,0,0,0,0,0,0,0,0,0,0,0,0,0,0,36,Three-Cheese Fondue with Champagne,4.5,https://www.epicurious.com/recipes/food/views/three-cheese-fondue-with-champagne-104710
muffin,11,0,16,0,13,0,9,0,24,4,6,10,0,0,0,0,0,0,0,0,0,0,0,0,0,0,0,0,0,0,0,0,0,0,0,9,Banana Chocolate Chip Muffins,4.3,https://www.epicurious.com/recipes/food/views/banana-chocolate-chip-muffins-101020
mushroom,0,0,0,0,12,0,3,0,0,0,0,0,0,0,0,0,0,0,0,0,0,0,0,0,0,0,0,0,0,0,0,0,0,0,0,3,Sausage-Stuffed Mushrooms,4.6,https://www.epicurious.com/recipes/food/views/sausage-stuffed-mushrooms-107246
mussel,0,0,0,0,0,0,0,0,0,0,0,0,0,0,0,0,0,0,0,0,0,0,0,0,0,0,0,0,0,0,0,0,0,0,0,0,Spicy Thai Steamed Mussels,4.7,https://www.epicurious.com/recipes/food/views/spicy-thai-steamed-mussels-101999
mustard,0,0,0,0,57,0,0,0,0,0,0,0,0,0,0,0,0,0,0,0,0,0,0,0,0,0,0,0,0,0,0,0,0,0,0,0,Triple-Layer Carrot Cake with Cream Cheese Frosting,4.7,https://www.epicurious.com/recipes/food/views/triple-layer-carrot-cake-with-cream-cheese-frosting-799
mustard greens,0,0,0,0,1,0,5,0,76,78,7,7,0,0,0,0,0,0,0,0,0,0,0,0,0,0,0,0,0,0,0,0,0,0,0,5,Mustard-Crusted Tofu with Kale and Sweet Potato,3.6,https://www.epicurious.com/recipes/food/views/mustard-crusted-tofu-with-kale-and-sweet-potato-239827
nectarine,0,0,0,0,0,0,0,0,0,0,0,0,0,0,0,0,0,0,0,0,0,0,0,0,0,0,0,0,0,0,0,0,0,0,0,0,Grilled Scallops and Nectarines with Corn and Tomato Salad,4.3,https://www.epicurious.com/recipes/food/views/grilled-scallops-and-nectarines-with-corn-and-tomato-salad-242982
nut,0,0,0,0,0,0,0,0,0,0,0,0,0,0,0,0,0,0,0,0,0,0,0,0,0,0,0,0,0,0,0,0,0,0,0,0,Chocolate-Walnut Rum Balls,4.3,https://www.epicurious.com/recipes/food/views/chocolate-walnut-rum-balls-4587
nutmeg,0,0,0,0,0,0,0,0,0,0,0,0,0,0,0,0,0,0,0,0,0,0,0,0,0,0,0,0,0,0,0,0,0,0,0,0,Old-Fashioned Raspberry Jam,4.4,https://www.epicurious.com/recipes/food/views/old-fashioned-raspberry-jam-230700
oat,0,0,0,0,0,0,0,0,0,0,0,0,0,0,0,0,0,0,0,0,0,0,0,0,0,0,0,0,0,0,0,0,0,0,0,0,Chocolate Chunk Oatmeal Coconut Cookies,4.5,https://www.epicurious.com/recipes/food/views/chocolate-chunk-oatmeal-coconut-cookies-105431
oatmeal,7,0,0,0,21,0,16,0,13,0,21,14,0,0,0,0,35,34,0,0,0,0,0,0,0,0,0,0,0,0,0,0,0,0,0,16,Jose's Oatmeal Peanut Butter Chocolate Chip Cookies,4.5,https://www.epicurious.com/recipes/food/views/joses-oatmeal-peanut-butter-chocolate-chip-cookies-11797
octopus,2,0,0,0,26,0,33,0,0,0,1,0,0,0,0,0,0,0,0,0,0,0,0,0,0,0,0,0,0,0,0,0,0,3,0,33,Cioppino,4.7,https://www.epicurious.com/recipes/food/views/cioppino-106263
okra,0,0,0,0,0,0,5,0,40,24,6,5,0,0,0,0,0,0,0,0,0,0,0,0,0,0,0,0,0,0,0,0,0,0,0,5,Hot Crab Dip,4.0,https://www.epicurious.com/recipes/food/views/hot-crab-dip-233213
olive,0,0,0,0,0,0,0,0,0,0,0,0,0,0,0,0,0,0,0,0,0,0,0,0,0,0,0,0,0,0,0,0,0,0,0,0,Lemon Pasta Salad with Tomatoes and Feta,4.0,https://www.epicurious.com/recipes/food/views/lemon-pasta-salad-with-tomatoes-and-feta-108437
omelet,0,0,0,0,0,0,0,0,0,0,0,0,0,0,0,0,0,0,0,0,0,0,0,0,0,0,0,0,0,0,0,0,0,0,0,0,Chorizo and Potato Spanish Tortilla Bites,4.0,https://www.epicurious.com/recipes/food/views/chorizo-and-potato-spanish-tortilla-bites-236695
onion,1,0,0,0,19,0,22,0,9,0,1,20,0,0,0,83,26,29,0,0,0,0,0,0,0,0,0,0,0,0,0,0,0,0,0,22,French Onion Soup,4.5,https://www.epicurious.com/recipes/food/views/french-onion-soup-1858
orange,0,0,0,0,17,0,10,0,0,0,0,0,0,0,0,0,0,0,0,0,0,0,0,0,0,0,0,0,0,0,0,0,0,0,0,10,Citrus Tilapia,4.4,https://www.epicurious.com/recipes/food/views/citrus-tilapia-356149
orange juice,0,0,0,0,1,0,3,0,0,56,1,5,0,0,0,0,0,0,0,0,0,0,0,0,0,0,0,0,0,0,0,0,0,11,0,3,Citrus Tilapia,4.4,https://www.epicurious.com/recipes/food/views/citrus-tilapia-356149
oregano,0,0,0,0,0,0,0,0,0,0,54,0,0,0,0,0,0,0,0,0,0,0,0,0,0,0,0,0,0,0,0,0,0,21,0,0,"Grilled Chicken with Oregano, Cinnamon and Paprika",4.3,https://www.epicurious.com/recipes/food/views/grilled-chicken-with-oregano-cinnamon-and-paprika-103510
oregon,0,0,0,0,0,0,0,0,0,0,0,0,0,0,0,0,0,0,0,0,0,0,0,0,0,0,0,0,0,0,0,0,0,0,0,0,Spinach and Lentil Salad with Oregon Blue Cheese and Tart Cherry Vinaigrette,4.6,https://www.epicurious.com/recipes/food/views/spinach-and-lentil-salad-with-oregon-blue-cheese-and-tart-cherry-vinaigrette-14472
orzo,2,0,0,0,0,0,25,0,0,0,0,7,0,0,0,0,0,0,0,0,0,0,0,0,0,0,0,0,0,0,0,0,0,0,0,25,"Orzo with Tomatoes, Feta, and Green Onions",4.6,https://www.epicurious.com/recipes/food/views/orzo-with-tomatoes-feta-and-green-onions-234414
oyster,0,0,0,0,0,0,0,0,0,0,0,0,0,0,0,0,0,0,0,0,0,0,0,0,0,0,0,0,0,0,0,0,0,0,0,0,Pumpkin and Shrimp Bisque,4.5,https://www.epicurious.com/recipes/food/views/pumpkin-and-shrimp-bisque-104123
pancake,0,0,0,0,0,0,0,0,0,0,0,0,0,0,0,0,0,0,0,0,0,0,0,0,0,0,0,0,0,0,0,0,0,0,0,0,Toffee Crunch Caramel Cheesecake,4.4,https://www.epicurious.com/recipes/food/views/toffee-crunch-caramel-cheesecake-231417
papaya,0,0,0,0,1,0,5,0,20,7,12,0,0,0,0,0,0,0,0,0,0,0,0,0,0,0,0,0,0,0,0,0,0,0,0,5,"Brie, Papaya and Onion Quesadillas",4.0,https://www.epicurious.com/recipes/food/views/brie-papaya-and-onion-quesadillas-4460
paprika,0,0,0,0,0,0,0,0,22,0,0,0,0,0,0,0,0,0,0,0,0,0,0,0,0,0,0,0,0,0,0,0,0,0,0,0,Moroccan Chicken Pot Pie,4.5,https://www.epicurious.com/recipes/food/views/moroccan-chicken-pot-pie-240752
parmesan,0,0,0,0,0,0,0,0,0,0,0,0,0,0,0,0,0,0,0,0,0,0,0,0,0,0,0,0,0,0,0,0,0,0,0,0,Parmesan Chicken,4.0,https://www.epicurious.com/recipes/food/views/parmesan-chicken-105912
parsley,0,0,0,0,0,0,0,0,0,0,0,0,0,0,0,0,0,0,0,0,0,0,0,0,0,0,0,0,0,0,0,0,0,0,0,0,Kale and Brussels Sprouts Salad,5.0,https://www.epicurious.com/recipes/food/views/kale-brussels-sprout-salad-368295
parsnip,0,0,0,0,0,0,0,0,0,0,0,0,0,0,0,0,0,0,0,0,0,0,0,0,0,0,0,0,0,0,0,0,0,0,0,0,Parmesan-Roasted Butternut Squash,4.3,https://www.epicurious.com/recipes/food/views/parmesan-roasted-butternut-squash-350608
passion fruit,0,0,0,0,6,0,4,0,0,0,8,4,0,0,0,0,0,0,0,0,0,0,0,0,0,0,0,0,0,0,0,0,0,0,0,4,Avocado and Mango Salad with Passion Fruit Vinaigrette,4.5,https://www.epicurious.com/recipes/food/views/avocado-and-mango-salad-with-passion-fruit-vinaigrette-231721
pasta,2,0,0,0,0,0,25,0,0,0,0,18,0,0,0,83,35,45,0,0,0,0,0,0,0,0,0,0,0,0,0,0,0,0,0,25,Three-Cheese Lasagna with Italian Sausage,4.5,https://www.epicurious.com/recipes/food/views/three-cheese-lasagna-with-italian-sausage-3152
pea,0,0,0,0,0,0,0,0,0,0,0,0,0,0,0,0,0,0,0,0,0,0,0,0,0,0,0,0,0,0,0,0,0,0,0,0,Easy Split Pea Soup,4.6,https://www.epicurious.com/recipes/food/views/easy-split-pea-soup-1919
peach,0,0,0,0,0,0,1,0,0,0,0,0,0,0,0,0,0,0,0,0,0,0,0,0,0,0,0,0,0,0,0,0,0,0,0,1,Peach Cobbler,4.4,https://www.epicurious.com/recipes/food/views/peach-cobbler-102277
peanut,27,0,6,0,13,0,14,0,0,0,0,0,0,0,0,0,0,0,0,0,0,0,0,0,0,0,0,0,0,0,0,0,0,0,0,14,Chocolate Chip Banana Bread With Walnuts,4.3,https://www.epicurious.com/recipes/food/views/chocolate-chip-banana-bread-with-walnuts
peanut butter,60,0,0,0,19,0,44,0,0,0,0,12,0,0,0,0,0,0,0,0,0,0,0,0,0,0,0,0,0,0,0,0,0,0,0,44,Chocolate Chip Banana Bread With Walnuts,4.3,https://www.epicurious.com/recipes/food/views/chocolate-chip-banana-bread-with-walnuts
pear,0,0,0,0,0,0,0,0,0,0,0,0,0,0,0,0,0,0,0,0,0,0,0,0,0,0,0,0,0,0,0,0,0,0,0,0,Upside-Down Pear Gingerbread Cake,4.3,https://www.epicurious.com/recipes/food/views/upside-down-pear-gingerbread-cake-106181
pecan,0,0,0,0,0,0,0,0,0,0,0,0,0,0,0,0,0,0,0,0,0,0,0,0,0,0,0,0,0,0,0,0,0,0,0,0,Kale and Brussels Sprouts Salad,5.0,https://www.epicurious.com/recipes/food/views/kale-brussels-sprout-salad-368295
pepper,0,0,0,0,0,0,0,0,21,23,34,61,0,0,0,0,0,0,0,0,0,0,0,0,0,0,0,0,0,0,0,0,0,0,0,0,Spicy Two-Bean Vegetarian Chili,4.4,https://www.epicurious.com/recipes/food/views/spicy-two-bean-vegetarian-chili-107274
pernod,0,0,0,0,0,0,0,0,0,0,0,0,0,0,0,0,0,0,0,0,0,0,0,0,0,0,0,0,0,0,0,0,0,0,0,0,"Orzo with Feta, Tomatoes, and Dill",4.3,https://www.epicurious.com/recipes/food/views/orzo-with-feta-tomatoes-and-dill-242827
persian new year,0,0,0,0,0,0,0,0,0,0,0,0,0,0,0,0,0,0,0,0,0,0,0,0,0,0,0,0,0,0,0,0,0,0,0,0,Persian Love Cake,4.5,https://www.epicurious.com/recipes/food/views/persian-love-cake-232273
persimmon,0,0,0,0,0,0,0,0,0,0,0,0,0,0,0,0,0,0,0,0,0,0,0,0,0,0,0,0,0,0,0,0,0,0,0,0,Persimmon Cranberry Sauce,4.6,https://www.epicurious.com/recipes/food/views/persimmon-cranberry-sauce-233000
phyllo/puff pastry dough,0,0,0,0,0,0,0,0,0,0,0,0,0,0,0,0,0,0,0,0,0,0,0,0,0,0,0,0,0,0,0,0,0,0,0,0,Rugelach,5.0,https://www.epicurious.com/recipes/food/views/rugelach-cookies
pickles,0,0,0,0,30,0,0,0,0,0,0,0,0,0,0,0,0,0,0,0,0,0,0,0,0,0,0,0,0,0,0,0,0,0,0,0,"Smoked Sausage, Kale and Potato Soup",4.0,https://www.epicurious.com/recipes/food/views/smoked-sausage-kale-and-potato-soup-3114
pie,11,0,10,0,12,0,10,0,46,3,6,7,0,0,0,0,0,0,0,0,0,0,0,0,0,0,0,0,0,0,0,0,0,0,0,10,Cinnamon Apple Crumb Pie,4.7,https://www.epicurious.com/recipes/food/views/cinnamon-crumble-apple-pie-108650
pine nut,0,0,0,0,0,0,0,0,0,0,0,0,0,0,0,0,0,0,0,0,0,0,0,0,0,0,0,0,0,0,0,0,0,0,0,0,"Orzo, Pine Nut, and Feta Salad",4.0,https://www.epicurious.com/recipes/food/views/orzo-pine-nut-and-feta-salad-105422
pineapple,0,0,0,0,0,0,2,0,0,17,0,0,0,0,0,0,0,0,0,0,0,0,0,0,0,0,0,0,0,0,0,0,0,0,0,2,Pineapple-Cardamom Upside-Down Cake,4.4,https://www.epicurious.com/recipes/food/views/pineapple-upside-down-cake-103088
pistachio,12,0,7,0,5,0,9,0,0,0,9,0,0,0,0,0,0,0,0,0,0,0,0,0,0,0,0,0,0,0,0,0,0,7,0,9,Beet and Goat Cheese Salad with Pistachios,5.0,https://www.epicurious.com/recipes/food/views/beet-and-goat-cheese-salad-with-pistachios-107426
pizza,16,0,7,0,16,0,20,0,0,0,15,9,0,0,0,0,0,0,0,0,0,0,0,0,0,0,0,0,0,0,0,0,0,1,0,20,Pizza Dough,4.4,https://www.epicurious.com/recipes/food/views/pizza-dough-237338
plantain,0,0,0,0,0,0,0,0,0,0,0,0,0,0,0,0,0,0,0,0,0,0,0,0,0,0,0,0,0,0,0,0,0,0,0,0,Fried Plantains,4.0,https://www.epicurious.com/recipes/food/views/fried-plantains-10024
plum,0,0,0,0,0,0,0,0,0,0,0,0,0,0,0,0,0,0,0,0,0,0,0,0,0,0,0,0,0,0,0,0,0,0,0,0,Plum Upside-Down Cake,4.7,https://www.epicurious.com/recipes/food/views/plum-upside-down-cake-288
poach,0,0,0,0,0,0,0,0,0,0,0,0,0,0,0,0,0,0,0,0,0,0,0,0,0,0,0,0,0,0,0,0,0,0,0,0,Warm Spinach-Parmesan Dip,4.0,https://www.epicurious.com/recipes/food/views/warm-spinach-parmesan-dip-101028
poblano,0,0,0,0,0,0,0,0,0,0,0,0,0,0,0,0,0,0,0,0,0,0,0,0,0,0,0,0,0,0,0,0,0,0,0,0,Poblano Corn Chowder with Shrimp,4.6,https://www.epicurious.com/recipes/food/views/poblano-corn-chowder-with-shrimp-107062
pomegranate,27,0,0,0,8,0,29,0,0,0,0,14,0,0,0,0,0,0,0,0,0,0,0,0,0,0,0,0,0,0,0,0,0,0,0,29,Mango Pomegranate Guacamole,5.0,https://www.epicurious.com/recipes/food/views/mango-pomegranate-guacamole-350568
pomegranate juice,0,0,0,0,0,0,0,0,0,1,0,0,0,0,0,0,0,0,0,0,0,0,0,0,0,0,0,0,0,0,0,0,0,6,0,0,Mango Pomegranate Guacamole,5.0,https://www.epicurious.com/recipes/food/views/mango-pomegranate-guacamole-350568
poppy,0,0,0,0,0,0,0,0,0,0,0,0,0,0,0,0,0,0,0,0,0,0,0,0,0,0,0,0,0,0,0,0,0,0,0,0,Persian Love Cake,4.5,https://www.epicurious.com/recipes/food/views/persian-love-cake-232273
pork,3,0,3,0,51,0,13,0,42,17,1,3,0,0,0,0,0,0,0,0,0,0,0,0,0,0,0,0,0,0,0,0,0,0,0,13,Island Pork Tenderloin Salad,4.7,https://www.epicurious.com/recipes/food/views/island-pork-tenderloin-salad-108103
pork chop,0,0,0,0,0,0,0,0,0,0,0,0,0,0,0,0,0,0,0,0,0,0,0,0,0,0,0,0,0,0,0,0,0,0,0,0,Pork Tenderloin with Balsamic-Cranberry Sauce,4.5,https://www.epicurious.com/recipes/food/views/pork-tenderloin-with-balsamic-cranberry-sauce-100314
pork rib,0,0,0,0,0,0,0,0,0,0,0,0,0,0,0,0,0,0,0,0,0,0,0,0,0,0,0,0,0,0,0,0,0,0,0,0,Pork Tenderloin with Balsamic-Cranberry Sauce,4.5,https://www.epicurious.com/recipes/food/views/pork-tenderloin-with-balsamic-cranberry-sauce-100314
pork tenderloin,14,0,15,0,22,0,32,0,20,1,1,5,0,0,0,0,0,0,0,0,0,0,0,0,0,0,0,0,0,0,0,0,0,0,0,32,Island Pork Tenderloin Salad,4.7,https://www.epicurious.com/recipes/food/views/island-pork-tenderloin-salad-108103
port,0,0,0,0,0,0,0,0,0,0,0,0,0,0,0,0,0,0,0,0,0,0,0,0,0,0,0,0,0,0,0,0,0,0,0,0,Cranberry Sauce with Port and Cinnamon,4.6,https://www.epicurious.com/recipes/food/views/cranberry-sauce-with-port-and-cinnamon-240403
pot pie,0,0,0,0,0,0,0,0,0,0,0,0,0,0,0,0,0,0,0,0,0,0,0,0,0,0,0,0,0,0,0,0,0,0,0,0,Cinnamon Apple Crumb Pie,4.7,https://www.epicurious.com/recipes/food/views/cinnamon-crumble-apple-pie-108650
potato,0,0,0,0,0,0,0,0,0,0,0,0,0,0,0,0,0,0,0,0,0,0,0,0,0,0,0,0,0,0,0,0,0,0,0,0,Scalloped Potatoes with Three Cheeses,4.5,https://www.epicurious.com/recipes/food/views/scalloped-potatoes-with-three-cheeses-102498
poultry,0,0,0,0,0,0,0,0,0,0,0,0,0,0,0,0,0,0,0,0,0,0,0,0,0,0,0,0,0,0,0,0,0,0,0,0,"Chicken with Roasted Lemons, Green Olives, and Capers",4.3,https://www.epicurious.com/recipes/food/views/chicken-with-roasted-lemons-green-olives-and-capers-105556
poultry sausage,0,0,0,0,0,0,0,0,0,0,0,0,0,0,0,0,0,0,0,0,0,0,0,0,0,0,0,0,0,0,0,0,0,0,0,0,Turkey Meatloaf,4.7,https://www.epicurious.com/recipes/food/views/turkey-meatloaf-107599
prosciutto,27,0,30,0,99,0,50,0,0,0,0,7,0,0,0,0,0,0,0,0,0,0,0,0,0,0,0,0,0,0,0,0,0,0,0,50,Prosciutto-Stuffed Pork Tenderloin with Mushroom Sauce,4.4,https://www.epicurious.com/recipes/food/views/prosciutto-stuffed-pork-tenderloin-with-mushroom-sauce-107649
prune,0,0,0,0,0,0,0,0,0,0,0,0,0,0,0,0,0,0,0,0,0,0,0,0,0,0,0,0,0,0,0,0,0,0,0,0,Beef Brisket with Merlot and Prunes,5.0,https://www.epicurious.com/recipes/food/views/beef-brisket-with-merlot-and-prunes-241853
pumpkin,0,0,0,0,0,0,3,0,96,4,3,3,0,0,0,0,0,0,0,0,0,0,0,0,0,0,0,0,0,0,0,0,0,0,0,3,Spiced Pumpkin Bread,4.5,https://www.epicurious.com/recipes/food/views/spiced-pumpkin-bread-840
punch,0,0,0,0,0,0,0,0,0,0,0,0,0,0,0,0,0,0,0,0,0,0,0,0,0,0,0,0,0,0,0,0,0,0,0,0,Beef Stew with Herbed Dumplings,4.3,https://www.epicurious.com/recipes/food/views/beef-stew-with-herbed-dumplings-100984
quail,0,0,0,0,0,0,0,0,0,0,0,0,0,0,0,0,0,0,0,0,0,0,0,0,0,0,0,0,0,0,0,0,0,0,0,0,Grilled Chicken with Creamy Grits and Shiitake Mushroom Sauce,4.7,https://www.epicurious.com/recipes/food/views/grilled-chicken-with-creamy-grits-and-shiitake-mushroom-sauce-101840
quiche,20,0,31,0,17,0,20,0,65,8,14,5,0,0,0,0,0,0,0,0,0,0,0,0,0,0,0,0,0,0,0,0,0,0,0,20,Quinoa with Moroccan Winter Squash and Carrot Stew,4.5,https://www.epicurious.com/recipes/food/views/quinoa-with-moroccan-winter-squash-and-carrot-stew-233714
quince,0,0,0,0,0,0,0,0,0,0,0,0,0,0,0,0,0,0,0,0,0,0,0,0,0,0,0,0,0,0,0,0,0,0,0,0,Quinoa with Moroccan Winter Squash and Carrot Stew,4.5,https://www.epicurious.com/recipes/food/views/quinoa-with-moroccan-winter-squash-and-carrot-stew-233714
quinoa,9,0,0,0,1,0,29,0,0,0,5,54,0,0,0,0,0,0,0,0,0,0,0,0,0,0,0,0,0,0,0,0,0,0,0,29,Black Bean and Tomato Quinoa,4.6,https://www.epicurious.com/recipes/food/views/black-bean-and-tomato-quinoa-238939
rabbit,0,0,0,0,0,0,0,0,0,0,0,0,0,0,0,0,0,0,0,0,0,0,0,0,0,0,0,0,0,0,0,0,0,0,0,0,Rabbit with Mustard Sauce,4.3,https://www.epicurious.com/recipes/food/views/rabbit-with-mustard-sauce-101107
rack of lamb,0,0,0,0,0,0,0,0,0,0,0,0,0,0,0,0,0,0,0,0,0,0,0,0,0,0,0,0,0,0,0,0,0,0,0,0,Leg of Lamb With Garlic and Rosemary,4.7,https://www.epicurious.com/recipes/food/views/leg-of-lamb-with-garlic-and-rosemary-105020
radicchio,0,0,0,0,2,0,4,0,0,7,2,2,0,0,0,0,0,0,0,15,0,0,0,4,0,3,8,0,84,0,0,0,0,3,0,4,Beet and Goat Cheese Salad with Pistachios,5.0,https://www.epicurious.com/recipes/food/views/beet-and-goat-cheese-salad-with-pistachios-107426
radish,0,0,0,0,0,0,0,0,0,0,0,0,0,0,0,0,0,0,0,0,0,0,0,0,0,0,0,0,0,0,0,0,0,0,0,0,Sautéed Chicken and Radishes with Mustard and Tarragon,4.5,https://www.epicurious.com/recipes/food/views/sauteed-chicken-and-radishes-with-mustard-and-tarragon-364591
raisin,5,0,0,0,15,0,20,0,0,7,3,17,0,0,0,0,22,21,0,0,0,0,0,0,0,0,0,0,0,0,0,0,0,0,0,20,Rum Raisin Apple Pie,5.0,https://www.epicurious.com/recipes/food/views/rum-raisin-apple-pie-236430
raspberry,0,0,0,0,0,0,0,0,0,1,0,0,0,0,0,0,0,0,0,0,0,0,0,0,0,0,0,0,0,0,0,0,0,3,0,0,Raspberry Buttermilk Cake,4.7,https://www.epicurious.com/recipes/food/views/raspberry-buttermilk-cake-353616
red wine,0,0,0,0,0,0,0,0,0,0,0,0,0,0,0,0,0,0,0,0,0,0,0,0,0,0,0,0,0,0,0,0,0,0,0,0,Red Wine Pot Roast with Porcini,4.6,https://www.epicurious.com/recipes/food/views/red-wine-pot-roast-with-porcini-233926
rhubarb,0,0,0,0,0,0,0,0,0,0,0,0,0,0,0,0,0,0,0,0,0,0,0,0,0,0,0,0,0,0,0,0,0,0,0,0,Strawberry-Rhubarb Pie,4.7,https://www.epicurious.com/recipes/food/views/lattice-topped-strawberry-rhubarb-pie-4459
rice,0,0,0,0,0,0,13,0,0,0,3,22,0,0,0,0,0,0,0,0,0,0,0,0,0,0,0,0,0,0,0,0,0,2,0,13,Grilled Salmon with Thai Curry Sauce and Basmati Rice,4.5,https://www.epicurious.com/recipes/food/views/grilled-salmon-with-thai-curry-sauce-and-basmati-rice-14189
ricotta,0,0,0,0,0,0,0,0,0,0,0,0,0,0,0,0,0,0,0,0,0,0,0,0,0,0,0,0,0,0,0,0,0,0,0,0,Three-Cheese Lasagna with Italian Sausage,4.5,https://www.epicurious.com/recipes/food/views/three-cheese-lasagna-with-italian-sausage-3152
root vegetable,0,0,0,0,0,0,0,0,0,0,0,0,0,0,0,0,0,0,0,0,0,0,0,0,0,0,0,0,0,0,0,0,0,0,0,0,Roasted Butternut Squash Risotto,4.3,https://www.epicurious.com/recipes/food/views/roasted-butternut-squash-risotto-105725
rosemary,53,0,0,0,5,0,12,0,96,24,9,24,0,0,0,0,0,0,0,0,0,0,0,0,0,0,0,0,0,0,0,0,0,0,0,12,"Roasted Butternut Squash, Rosemary, and Garlic Lasagne",4.5,https://www.epicurious.com/recipes/food/views/roasted-butternut-squash-rosemary-and-garlic-lasagne-13479
rosé,0,0,0,0,0,0,0,0,0,0,0,0,0,0,0,0,0,0,0,0,0,0,0,0,0,0,0,0,0,0,0,0,0,0,0,0,Persian Love Cake,4.5,https://www.epicurious.com/recipes/food/views/persian-love-cake-232273
rum,0,0,0,0,0,0,0,0,0,0,0,0,0,0,0,0,0,0,0,0,0,0,0,0,0,0,0,0,0,0,0,0,0,0,0,0,Pineapple-Cardamom Upside-Down Cake,4.4,https://www.epicurious.com/recipes/food/views/pineapple-upside-down-cake-103088
rutabaga,0,0,0,0,0,0,2,0,0,27,3,2,0,0,0,0,0,0,0,0,0,0,0,0,0,0,0,0,0,0,0,0,0,0,0,2,"Mashed Potato, Rutabaga and Parsnip Casserole with Caramelized Onions",4.5,https://www.epicurious.com/recipes/food/views/mashed-potato-rutabaga-and-parsnip-casserole-with-caramelized-onions-2607
rye,3,0,0,0,28,0,14,0,0,0,5,16,0,0,0,0,0,0,0,0,0,0,0,0,0,0,0,0,0,0,0,0,0,0,0,14,Shepherd's Pie,4.5,https://www.epicurious.com/recipes/food/views/shepherds-pie-240224
saffron,0,0,0,0,0,0,0,0,0,0,0,0,0,0,0,0,0,0,0,0,0,0,0,0,0,0,0,0,0,0,0,0,0,0,0,0,Spanish-Style Chicken with Saffron Rice (Arroz con Pollo),3.7,https://www.epicurious.com/recipes/food/views/spanish-style-chicken-with-saffron-rice-arroz-con-pollo-104549
sage,0,0,0,0,0,0,0,0,0,0,0,0,0,0,0,0,0,0,0,0,0,0,0,0,0,0,0,0,0,0,0,0,0,0,0,0,Mashed Potatoes with Sage and White Cheddar Cheese,4.4,https://www.epicurious.com/recipes/food/views/mashed-potatoes-with-sage-and-white-cheddar-cheese-108831
sake,0,0,0,0,0,0,0,0,0,0,0,0,0,0,0,0,0,0,0,0,0,0,0,0,0,0,0,0,0,0,0,0,0,0,0,0,Ginger Flank Steak with Sake-Glazed Vegetables,4.6,https://www.epicurious.com/recipes/food/views/ginger-flank-steak-with-sake-glazed-vegetables-106314
salad,21,0,0,0,84,0,0,0,0,0,0,0,0,0,0,0,0,0,0,0,0,0,0,0,0,0,0,0,0,0,0,0,0,0,0,0,Island Pork Tenderloin Salad,4.7,https://www.epicurious.com/recipes/food/views/island-pork-tenderloin-salad-108103
salmon,15,0,20,0,17,0,44,0,10,5,1,4,0,0,0,0,0,0,0,0,0,0,0,0,0,0,0,0,0,0,0,0,0,0,0,44,Pan-Seared Tuna with Ginger-Shiitake Cream Sauce,4.7,https://www.epicurious.com/recipes/food/views/pan-seared-tuna-with-ginger-shiitake-cream-sauce-100670
salsa,0,0,0,0,22,0,0,0,79,0,0,0,0,0,0,0,0,0,0,0,0,0,0,0,0,0,0,0,0,0,0,0,0,0,0,0,Halftime Chili,4.0,https://www.epicurious.com/recipes/food/views/halftime-chili-1201
sardine,0,0,0,0,0,0,0,0,0,0,0,0,0,0,0,0,0,0,0,0,0,0,0,0,0,0,0,0,0,0,0,0,0,0,0,0,Tuscan Tuna-and-Bean Sandwiches,4.6,https://www.epicurious.com/recipes/food/views/tuscan-tuna-and-bean-sandwiches-234263
sauce,0,0,0,0,38,0,0,0,0,0,0,0,0,0,0,0,0,0,0,0,0,0,0,0,0,0,0,0,0,0,0,0,0,0,0,0,Penne in Cream Sauce with Sausage,4.3,https://www.epicurious.com/recipes/food/views/penne-in-cream-sauce-with-sausage-3072
sausage,26,0,27,0,34,0,43,0,0,0,1,4,0,0,0,0,0,0,0,0,0,0,0,0,0,0,0,0,0,0,0,0,0,13,0,43,Three-Cheese Lasagna with Italian Sausage,4.5,https://www.epicurious.com/recipes/food/views/three-cheese-lasagna-with-italian-sausage-3152
scallop,0,0,0,0,0,0,0,0,0,0,0,0,0,0,0,0,0,0,0,0,0,0,0,0,0,0,0,0,0,0,0,0,0,0,0,0,Sea Scallops with Cilantro Gremolata and Ginger Lime Beurre Blanc,4.6,https://www.epicurious.com/recipes/food/views/sea-scallops-with-cilantro-gremolata-and-ginger-lime-beurre-blanc-106359
scotch,0,0,0,0,0,0,0,0,0,0,0,0,0,0,0,0,0,0,0,0,0,0,0,0,0,0,0,0,0,0,0,0,0,0,0,0,"Ham with Bourbon, Molasses, and Pecan Glaze",4.7,https://www.epicurious.com/recipes/food/views/ham-with-bourbon-molasses-and-pecan-glaze-233395
seafood,0,0,0,0,0,0,0,0,0,0,0,0,0,0,0,0,0,0,0,0,0,0,0,0,0,0,0,0,0,0,0,0,0,0,0,0,Pan-Seared Tuna with Ginger-Shiitake Cream Sauce,4.7,https://www.epicurious.com/recipes/food/views/pan-seared-tuna-with-ginger-shiitake-cream-sauce-100670
seed,0,0,0,0,0,0,0,0,0,0,0,0,0,0,0,0,0,0,0,0,0,0,0,0,0,0,0,0,0,0,0,0,0,0,0,0,Poppy Seed Dinner Rolls,4.6,https://www.epicurious.com/recipes/food/views/poppy-seed-dinner-rolls-837
semolina,0,0,0,0,0,0,19,0,0,0,1,7,0,0,0,0,0,0,0,0,0,0,0,0,0,0,0,0,0,0,0,0,0,3,0,19,"Orzo Salad with Feta, Olives and Bell Peppers",4.5,https://www.epicurious.com/recipes/food/views/orzo-salad-with-feta-olives-and-bell-peppers-4562
sesame,0,0,0,0,0,0,0,0,0,0,0,0,0,0,0,0,0,0,0,0,0,0,0,0,0,0,0,0,0,0,0,0,0,0,0,0,Peanut Sesame Noodles,4.3,https://www.epicurious.com/recipes/food/views/peanut-sesame-noodles-106572
sesame oil,28,0,0,0,0,0,0,0,0,0,0,0,0,0,0,0,0,0,0,0,0,0,0,0,0,0,0,0,0,0,0,0,0,0,0,0,Spicy Sesame Noodles with Chopped Peanuts and Thai Basil,4.6,https://www.epicurious.com/recipes/food/views/spicy-sesame-noodles-with-chopped-peanuts-and-thai-basil-238798
shallot,0,0,0,0,0,0,0,0,0,0,0,0,0,0,0,0,0,0,0,0,0,0,0,0,0,0,0,0,0,0,0,0,0,0,0,0,"Beef Tenderloin with Roasted Shallots, Bacon and Port",4.7,https://www.epicurious.com/recipes/food/views/beef-tenderloin-with-roasted-shallots-bacon-and-port-4542
shellfish,0,0,0,0,0,0,0,0,0,0,0,0,0,0,0,0,0,0,0,0,0,0,0,0,0,0,0,0,0,0,0,0,0,0,0,0,Cioppino,4.7,https://www.epicurious.com/recipes/food/views/cioppino-106263
sherry,0,0,0,0,0,0,0,0,0,0,0,0,0,0,0,0,0,0,0,0,0,0,0,0,0,0,0,0,0,0,0,0,0,0,0,0,Diane's Six-Spice Oatmeal Raisin Cookies,4.3,https://www.epicurious.com/recipes/food/views/dianes-six-spice-oatmeal-raisin-cookies-100764
shrimp,1,0,28,0,4,0,23,0,10,1,3,7,0,0,0,0,0,0,0,0,0,0,0,0,0,0,0,0,0,0,0,0,0,0,0,23,Shrimp Scampi Pasta,4.6,https://www.epicurious.com/recipes/food/views/shrimp-scampi-pasta
snapper,2,0,13,0,3,0,41,0,0,0,2,0,0,0,0,0,0,0,0,0,0,0,0,0,0,0,0,0,0,0,0,0,0,9,0,41,"Red Snapper, Veracruz Style",4.7,https://www.epicurious.com/recipes/food/views/red-snapper-veracruz-style-108045
sorbet,0,0,0,0,0,0,0,0,0,7,0,0,0,0,0,0,0,0,0,0,0,0,0,0,0,0,0,0,0,0,0,0,0,0,0,0,Lemon-Buttermilk Sorbet,4.7,https://www.epicurious.com/recipes/food/views/lemon-buttermilk-sorbet-105187
sour cream,21,0,22,0,4,0,7,0,74,0,10,0,0,0,0,0,0,0,0,0,0,0,0,0,0,0,0,0,0,0,0,0,0,0,0,7,Pumpkin Cheesecake With Bourbon–Sour Cream Topping,4.7,https://www.epicurious.com/recipes/food/views/pumpkin-cheesecake-with-bourbon-sour-cream-topping-13386
sourdough,0,0,0,0,25,0,21,0,0,0,0,7,0,0,0,0,0,0,0,0,0,0,0,0,0,0,0,0,0,0,0,0,0,0,0,21,Sour Cream-Streusel Coffee Cake,4.5,https://www.epicurious.com/recipes/food/views/sour-cream-streusel-coffee-cake-5807
soy,0,0,0,0,0,0,0,0,0,0,0,0,0,0,0,0,0,0,0,0,0,0,0,0,0,0,0,0,0,0,0,0,0,0,0,0,Salmon with Soy-Honey and Wasabi Sauces,4.3,https://www.epicurious.com/recipes/food/views/salmon-with-soy-honey-and-wasabi-sauces-105026
soy sauce,0,0,0,0,64,0,0,0,0,0,0,0,0,0,0,0,0,0,0,0,0,0,0,0,0,0,0,0,0,0,0,0,0,0,0,0,Salmon with Soy-Honey and Wasabi Sauces,4.3,https://www.epicurious.com/recipes/food/views/salmon-with-soy-honey-and-wasabi-sauces-105026
sparkling wine,0,0,0,0,0,0,0,0,0,0,0,0,0,0,0,0,0,0,0,0,0,0,0,0,0,0,0,0,0,0,0,0,0,0,0,0,Marinated Shrimp with Champagne Beurre Blanc,4.6,https://www.epicurious.com/recipes/food/views/marinated-shrimp-with-champagne-beurre-blanc-108934
spice,0,0,0,0,0,0,0,0,0,0,0,0,0,0,0,0,0,0,0,0,0,0,0,0,0,0,0,0,0,0,0,0,0,0,0,0,Ginger Spice Cookies,4.7,https://www.epicurious.com/recipes/food/views/ginger-spice-cookies-103156
spinach,0,0,0,0,3,0,5,0,46,31,7,18,0,0,0,0,0,0,0,47,0,0,0,0,0,17,0,0,0,0,0,0,0,12,0,5,Island Pork Tenderloin Salad,4.7,https://www.epicurious.com/recipes/food/views/island-pork-tenderloin-salad-108103
spirit,0,0,0,0,0,0,0,0,0,0,0,0,0,0,0,0,0,0,0,0,0,0,0,0,0,0,0,0,0,0,0,0,0,0,0,0,Chocolate-Walnut Rum Balls,4.3,https://www.epicurious.com/recipes/food/views/chocolate-walnut-rum-balls-4587
squash,0,0,0,0,0,0,0,0,0,0,0,0,0,0,0,0,0,0,0,0,0,0,0,0,0,0,0,0,0,0,0,0,0,0,0,0,Spiced Pumpkin Bread,4.5,https://www.epicurious.com/recipes/food/views/spiced-pumpkin-bread-840
squid,21,0,9,0,28,0,29,0,20,0,6,7,0,0,0,0,0,0,0,0,0,0,0,0,0,0,0,0,0,0,0,0,0,0,0,29,Shrimp Cakes with Chili-Lime Cream Sauce,4.5,https://www.epicurious.com/recipes/food/views/shrimp-cakes-with-chili-lime-cream-sauce-232743
steak,0,0,0,0,0,0,0,0,0,0,0,0,0,0,0,0,0,0,0,0,0,0,0,0,0,0,0,0,0,0,0,0,0,0,0,0,Beef Stroganoff,4.3,https://www.epicurious.com/recipes/food/views/beef-stroganoff-102134
stew,0,0,0,0,0,0,0,0,0,0,0,0,0,0,0,0,0,0,0,0,0,0,0,0,0,0,0,0,0,0,0,0,0,0,0,0,Turkey Chili with White Beans,4.6,https://www.epicurious.com/recipes/food/views/turkey-chili-with-white-beans-3090
strawberry,0,0,0,0,0,0,0,0,0,0,0,0,0,0,0,0,0,0,0,0,0,0,0,0,0,0,0,0,0,0,0,0,0,1,0,0,Strawberry-Topped Cheesecake with Graham Cracker Crust,4.7,https://www.epicurious.com/recipes/food/views/strawberry-topped-cheesecake-with-graham-cracker-crust-4655
sugar snap pea,0,0,0,0,0,0,0,0,0,0,0,0,0,0,0,0,0,0,0,0,0,0,0,0,0,0,0,0,0,0,0,0,0,0,0,0,"Salmon with Sweet Chili Glaze, Sugar Snap Peas, and Pea Tendrils",4.7,https://www.epicurious.com/recipes/food/views/salmon-with-sweet-chili-glaze-sugar-snap-peas-and-pea-tendrils-358190
sweet potato/yam,0,0,0,0,0,0,0,0,0,0,0,0,0,0,0,0,0,0,0,0,0,0,0,0,0,0,0,0,0,0,0,0,0,0,0,0,Candied Yams,4.7,https://www.epicurious.com/recipes/food/views/candied-yams
swiss cheese,37,0,32,0,29,0,57,0,0,0,69,0,0,0,0,0,0,0,0,0,0,0,0,0,0,0,0,0,0,0,0,0,0,2,0,57,Three-Cheese Fondue with Champagne,4.5,https://www.epicurious.com/recipes/food/views/three-cheese-fondue-with-champagne-104710
swordfish,0,0,0,0,0,0,0,0,0,0,0,0,0,0,0,0,0,0,0,0,0,0,0,0,0,0,0,0,0,0,0,0,0,0,0,0,Swordfish Steaks With Peppercorn Butter,4.7,https://www.epicurious.com/recipes/food/views/pan-roasted-swordfish-steaks-with-mixed-peppercorn-butter-232695
taco,0,0,0,0,0,0,0,0,0,0,0,0,0,0,0,0,0,0,0,0,0,0,0,0,0,0,0,0,0,0,0,0,0,0,0,0,Crispy Black Bean Tacos with Feta and Cabbage Slaw,4.6,https://www.epicurious.com/recipes/food/views/crispy-black-bean-tacos-with-feta-and-cabbage-slaw-351271
tamarind,0,0,0,0,0,0,0,0,0,0,0,0,0,0,0,0,0,0,0,0,0,0,0,0,0,0,0,0,0,0,0,0,0,0,0,0,Polenta Tamale Pie,4.0,https://www.epicurious.com/recipes/food/views/polenta-tamale-pie-102202
tangerine,0,0,0,0,1,0,0,0,0,0,0,0,0,0,0,0,0,0,0,0,0,0,0,0,0,0,0,0,0,0,0,0,0,0,0,0,Cranberry-Tangerine Scones,4.6,https://www.epicurious.com/recipes/food/views/cranberry-tangerine-scones-105962
tapioca,0,0,0,0,0,0,0,0,0,0,0,0,0,0,0,0,0,0,0,0,0,0,0,0,0,0,0,0,0,0,0,0,0,0,0,0,Portobello Bruschetta with Rosemary Aïoli,4.4,https://www.epicurious.com/recipes/food/views/portobello-bruschetta-with-rosemary-aioli-104179
tarragon,0,0,0,0,0,0,0,0,0,0,0,0,0,0,0,0,0,0,0,0,0,0,0,0,0,0,0,0,0,0,0,0,0,0,0,0,Mustard-Tarragon Chicken Sauté,4.0,https://www.epicurious.com/recipes/food/views/mustard-tarragon-chicken-saute-106424
tart,0,0,0,0,0,0,0,0,0,0,0,0,0,0,0,0,0,0,0,0,0,0,0,0,0,0,0,0,0,0,0,0,0,0,0,0,Chocolate Glazed Chocolate Tart,5.0,https://www.epicurious.com/recipes/food/views/chocolate-glazed-chocolate-tart-243610
tea,0,0,0,0,0,0,0,0,0,0,0,0,0,0,0,0,0,0,0,0,0,0,0,0,0,0,0,0,0,0,0,0,0,0,0,0,Homemade Chai,4.3,https://www.epicurious.com/recipes/food/views/homemade-chai-201226
tennessee,0,0,0,0,0,0,0,0,0,0,0,0,0,0,0,0,0,0,0,0,0,0,0,0,0,0,0,0,0,0,0,0,0,0,0,0,Black-Eyed Peas and Greens for the Instant Pot,5.0,https://www.epicurious.com/recipes/food/views/jill-nussinows-smoky-sweet-black-eyed-peas-and-greens-for-the-instant-pot
tequila,0,0,0,0,0,0,0,0,0,0,0,0,0,0,0,0,0,0,0,0,0,0,0,0,0,0,0,0,0,0,0,0,0,0,0,0,Grilled Tequila-Lime Chicken,3.7,https://www.epicurious.com/recipes/food/views/grilled-tequila-lime-chicken-103785
thyme,0,0,0,0,0,0,0,0,0,0,0,67,0,0,0,0,0,0,0,0,0,0,0,0,0,0,0,0,0,0,0,0,0,0,0,0,Thyme-Roasted Sweet Potatoes,4.7,https://www.epicurious.com/recipes/food/views/thyme-roasted-sweet-potatoes-233085
tilapia,2,0,7,0,1,0,30,0,0,0,0,0,0,0,0,0,0,0,0,0,0,0,0,0,0,0,0,0,0,0,0,0,0,7,0,30,Pan-Seared Tilapia with Chile Lime Butter,4.5,https://www.epicurious.com/recipes/food/views/pan-seared-tilapia-with-chile-lime-butter-108343
tofu,6,0,0,0,1,0,20,0,0,0,6,8,0,0,0,0,0,0,0,0,0,0,0,0,0,0,0,0,0,0,0,0,0,7,0,20,"Stir-Fried Tofu with Mushrooms, Sugar Snap Peas, and Green Onions",4.0,https://www.epicurious.com/recipes/food/views/stir-fried-tofu-with-mushrooms-sugar-snap-peas-and-green-onions-109075
tomatillo,0,0,0,0,0,0,0,0,0,0,0,0,0,0,0,0,0,0,0,0,0,0,0,0,0,0,0,0,0,0,0,0,0,0,0,0,Layered Chicken Enchiladas with Tomatillo-Cilantro Sauce,4.0,https://www.epicurious.com/recipes/food/views/layered-chicken-enchiladas-with-tomatillo-cilantro-sauce-232700
tomato,0,0,0,0,8,0,29,0,79,29,0,14,0,0,0,0,0,0,0,0,0,0,0,0,0,0,0,0,0,0,0,0,0,0,0,29,Penne in Cream Sauce with Sausage,4.3,https://www.epicurious.com/recipes/food/views/penne-in-cream-sauce-with-sausage-3072
tortillas,2,0,0,0,0,0,23,0,0,0,3,4,0,0,0,0,0,0,0,0,0,0,0,0,0,0,0,0,0,0,0,0,0,0,0,23,Tortilla Soup with Chicken and Lime,4.4,https://www.epicurious.com/recipes/food/views/tortilla-soup-with-chicken-and-lime-1183
tree nut,0,0,0,0,0,0,0,0,0,0,0,0,0,0,0,0,0,0,0,0,0,0,0,0,0,0,0,0,0,0,0,0,0,0,0,0,"Apple, Dried Cherry, and Walnut Salad with Maple Dressing",4.6,https://www.epicurious.com/recipes/food/views/apple-dried-cherry-and-walnut-salad-with-maple-dressing-107064
triple sec,0,0,0,0,0,0,0,0,0,0,0,0,0,0,0,0,0,0,0,0,0,0,0,0,0,0,0,0,0,0,0,0,0,0,0,0,Triple-Layer Carrot Cake with Cream Cheese Frosting,4.7,https://www.epicurious.com/recipes/food/views/triple-layer-carrot-cake-with-cream-cheese-frosting-799
tropical fruit,0,0,0,0,0,0,1,0,0,43,0,1,0,0,0,0,0,0,0,0,0,0,0,0,0,0,0,0,0,0,0,0,0,4,0,1,Tropical Carrot Cake with Coconut Cream Cheese Frosting,5.0,https://www.epicurious.com/recipes/food/views/tropical-carrot-cake-with-coconut-cream-cheese-frosting-107949
trout,0,0,0,0,0,0,0,0,0,0,0,0,0,0,0,0,0,0,0,0,0,0,0,0,0,0,0,0,0,0,0,0,0,0,0,0,Pecan-Crusted Trout with Orange-Rosemary Butter Sauce,5.0,https://www.epicurious.com/recipes/food/views/pecan-crusted-trout-with-orange-rosemary-butter-sauce-1663
tuna,5,0,2,0,19,0,11,0,42,6,3,4,0,0,0,0,0,0,0,0,0,0,0,0,0,0,0,0,0,0,0,0,0,0,0,11,Pan-Seared Tuna with Ginger-Shiitake Cream Sauce,4.7,https://www.epicurious.com/recipes/food/views/pan-seared-tuna-with-ginger-shiitake-cream-sauce-100670
turnip,0,0,0,0,0,0,0,0,0,0,0,0,0,0,0,0,0,0,0,0,0,0,0,0,0,0,0,0,0,0,0,0,0,0,0,0,Turnip Gratin,4.5,https://www.epicurious.com/recipes/food/views/turnip-gratin-240249
vanilla,0,0,0,0,0,0,0,0,0,0,0,0,0,0,0,0,0,0,0,0,0,0,0,0,0,0,0,0,0,0,0,0,0,0,0,0,Vanilla Bean-Coconut Cupcakes with Coconut Frosting,4.6,https://www.epicurious.com/recipes/food/views/vanilla-bean-coconut-cupcakes-with-coconut-frosting-352095
veal,0,0,0,0,0,0,0,0,0,0,0,0,0,0,0,0,0,0,0,0,0,0,0,0,0,0,0,0,0,0,0,0,0,0,0,0,Chicken Marsala,4.7,https://www.epicurious.com/recipes/food/views/chicken-marsala-232152
vegetable,0,0,0,0,0,0,0,0,0,0,0,0,0,0,0,0,0,0,0,0,0,0,0,0,0,0,0,0,0,0,0,0,0,0,0,0,Quinoa with Moroccan Winter Squash and Carrot Stew,4.5,https://www.epicurious.com/recipes/food/views/quinoa-with-moroccan-winter-squash-and-carrot-stew-233714
venison,0,0,0,0,0,0,0,0,0,0,0,0,0,0,0,0,0,0,0,0,0,0,0,0,0,0,0,0,0,0,0,0,0,0,0,0,Pan-Seared Venison with Rosemary and Dried Cherries,5.0,https://www.epicurious.com/recipes/food/views/pan-seared-venison-with-rosemary-and-dried-cherries-104558
vermouth,0,0,0,0,0,0,0,0,0,0,0,0,0,0,0,0,0,0,0,0,0,0,0,0,0,0,0,0,0,0,0,0,0,0,0,0,Capellini with Shrimp and Creamy Tomato Sauce,4.5,https://www.epicurious.com/recipes/food/views/capellini-with-shrimp-and-creamy-tomato-sauce-241995
vinegar,0,0,0,0,0,0,0,0,0,0,0,0,0,0,0,0,0,0,0,0,0,0,0,0,0,0,0,0,0,0,0,0,0,0,0,0,Pork Chops with Rosemary-Vinegar Sauce,4.0,https://www.epicurious.com/recipes/food/views/pork-chops-with-rosemary-vinegar-sauce-102660
vodka,0,0,0,0,0,0,0,0,0,0,0,0,0,0,0,0,0,0,0,0,0,0,0,0,0,0,0,0,0,0,0,0,0,0,0,0,Champagne Punch,4.7,https://www.epicurious.com/recipes/food/views/champagne-punch-102342
waffle,40,0,10,0,15,0,9,0,0,0,0,0,0,0,0,0,0,0,0,0,0,0,0,0,0,0,0,0,0,0,0,0,0,0,0,9,Belgian Buttermilk Waffles with Glazed Bananas,4.6,https://www.epicurious.com/recipes/food/views/belgian-buttermilk-waffles-with-glazed-bananas-232170
walnut,85,0,0,0,0,0,33,0,0,0,5,13,0,0,0,0,0,0,0,0,0,0,0,0,0,0,0,0,0,0,0,0,0,0,0,33,"Apple, Dried Cherry, and Walnut Salad with Maple Dressing",4.6,https://www.epicurious.com/recipes/food/views/apple-dried-cherry-and-walnut-salad-with-maple-dressing-107064
wasabi,0,0,0,0,1,0,0,0,0,0,3,0,0,0,0,0,0,0,0,0,0,0,0,0,0,0,0,0,0,0,0,0,0,3,0,0,Salmon with Soy-Honey and Wasabi Sauces,4.3,https://www.epicurious.com/recipes/food/views/salmon-with-soy-honey-and-wasabi-sauces-105026
watercress,0,0,0,0,0,0,0,0,0,0,0,0,0,0,0,0,0,0,0,0,0,0,0,0,0,0,0,0,0,0,0,0,0,0,0,0,Salted Water for Boiling,4.0,https://www.epicurious.com/recipes/food/views/salted-water-for-boiling-105591
watermelon,0,0,0,0,0,0,1,0,0,0,1,0,0,0,0,0,0,0,0,0,0,0,0,0,0,0,0,0,0,0,0,0,0,2,0,1,"Watermelon, Feta, and Arugula Salad with Balsamic Glaze",4.6,https://www.epicurious.com/recipes/food/views/watermelon-feta-and-arugula-salad-with-balsamic-glaze-353890
whiskey,0,0,0,0,0,0,0,0,0,0,0,0,0,0,0,0,0,0,0,0,0,0,0,0,0,0,0,0,0,0,0,0,0,0,0,0,Chocolate Whiskey Bundt Cake,4.6,https://www.epicurious.com/recipes/food/views/chocolate-whiskey-bundt-cake-232636
white wine,0,0,0,0,0,0,0,0,0,0,0,0,0,0,0,0,0,0,0,0,0,0,0,0,0,0,0,0,0,0,0,0,0,0,0,0,Beef Braised in Red Wine,4.5,https://www.epicurious.com/recipes/food/views/beef-braised-in-red-wine-236986
wild rice,0,0,0,0,0,0,10,0,0,0,0,4,0,0,0,0,0,0,0,0,0,0,0,0,0,0,0,0,0,0,0,0,0,0,0,10,"Chicken, Rice, and Mango in Lettuce Wraps",5.0,https://www.epicurious.com/recipes/food/views/chicken-rice-and-mango-in-lettuce-wraps-232487
wine,0,0,0,0,0,0,0,0,0,0,0,0,0,0,0,0,0,0,0,0,0,0,0,0,0,0,0,0,0,0,0,0,0,0,0,0,"Beef Tenderloin with Roasted Shallots, Bacon and Port",4.7,https://www.epicurious.com/recipes/food/views/beef-tenderloin-with-roasted-shallots-bacon-and-port-4542
yellow squash,0,0,0,0,0,0,2,0,22,19,1,2,0,0,0,0,0,0,0,0,0,0,0,0,0,0,0,0,0,0,0,0,0,0,0,2,Winter Squash Soup,4.6,https://www.epicurious.com/recipes/food/views/winter-squash-soup-with-gruyere-croutons-2997
yogurt,4,0,4,0,2,0,6,0,7,1,9,0,0,0,0,0,0,0,0,0,0,0,0,0,0,0,0,0,0,0,0,0,0,0,0,6,Chicken Curry with Cashews,4.6,https://www.epicurious.com/recipes/food/views/chicken-curry-with-cashews-231358
yuca,0,0,0,0,23,0,2,0,0,0,0,0,0,0,0,0,0,0,0,0,0,0,0,0,0,0,0,0,0,0,0,0,0,0,0,2,"Shrimp, Tomato, and Olive Cocktail",4.7,https://www.epicurious.com/recipes/food/views/shrimp-tomato-and-olive-cocktail-108026
zucchini,0,0,0,0,0,0,2,0,0,14,2,2,0,0,0,0,0,0,0,0,0,0,0,0,0,0,0,0,0,0,0,0,0,5,0,2,Lemon Gnocchi with Spinach and Peas,4.6,https://www.epicurious.com/recipes/food/views/lemon-gnocchi-with-spinach-and-peas-240959
turkey,11,0,18,0,46,0,29,0,0,0,0,4,0,0,0,0,0,0,0,0,0,0,0,0,0,0,0,0,0,0,0,0,0,0,0,29,Turkey Meatloaf,4.7,https://www.epicurious.com/recipes/food/views/turkey-meatloaf-107599
